Method,Exp,Dataset,seed,batch_norm,f1,precision,recall,auc
UNITY,agree_and_disagree,annthyroid,1,FALSE,0.779026217,0.779026217,0.779026217,0.961779594
UNITY,agree_and_disagree,annthyroid,1,TRUE,0.277153558,0.277153558,0.277153558,0.562238809
UNITY,agree_and_disagree,annthyroid,2,FALSE,0.780898876,0.780898876,0.780898876,0.959821449
UNITY,agree_and_disagree,annthyroid,2,TRUE,0.346441948,0.346441948,0.346441948,0.673074099
UNITY,agree_and_disagree,annthyroid,3,FALSE,0.75093633,0.75093633,0.75093633,0.960804394
UNITY,agree_and_disagree,annthyroid,3,TRUE,0.322097378,0.322097378,0.322097378,0.78115806
UNITY,agree_and_disagree,annthyroid,4,FALSE,0.756554307,0.756554307,0.756554307,0.967102674
UNITY,agree_and_disagree,annthyroid,4,TRUE,0.36329588,0.36329588,0.36329588,0.786800851
UNITY,agree_and_disagree,annthyroid,5,FALSE,0.794007491,0.794007491,0.794007491,0.975617278
UNITY,agree_and_disagree,annthyroid,5,TRUE,0.327715356,0.327715356,0.327715356,0.577826947
UNITY,agree_and_disagree,annthyroid,6,FALSE,0.801498127,0.801498127,0.801498127,0.963476118
UNITY,agree_and_disagree,annthyroid,6,TRUE,0.31835206,0.31835206,0.31835206,0.604443349
UNITY,agree_and_disagree,annthyroid,7,FALSE,0.739700375,0.739700375,0.739700375,0.95707428
UNITY,agree_and_disagree,annthyroid,7,TRUE,0.312734082,0.312734082,0.312734082,0.733854913
UNITY,agree_and_disagree,annthyroid,8,FALSE,0.707865169,0.707865169,0.707865169,0.932742189
UNITY,agree_and_disagree,annthyroid,8,TRUE,0.372659176,0.372659176,0.372659176,0.723731853
UNITY,agree_and_disagree,annthyroid,9,FALSE,0.741573034,0.741573034,0.741573034,0.938260624
UNITY,agree_and_disagree,annthyroid,9,TRUE,0.327715356,0.327715356,0.327715356,0.727433137
UNITY,agree_and_disagree,annthyroid,10,FALSE,0.705992509,0.705992509,0.705992509,0.908635288
UNITY,agree_and_disagree,annthyroid,10,TRUE,0.335205993,0.335205993,0.335205993,0.716362704
UNITY,agree_and_disagree,cardio,1,FALSE,0.548571429,0.548571429,0.548571429,0.582985515
UNITY,agree_and_disagree,cardio,1,TRUE,0.605714286,0.605714286,0.605714286,0.905393356
UNITY,agree_and_disagree,cardio,2,FALSE,0.542857143,0.542857143,0.542857143,0.576004857
UNITY,agree_and_disagree,cardio,2,TRUE,0.502857143,0.502857143,0.502857143,0.88895134
UNITY,agree_and_disagree,cardio,3,FALSE,0.091428571,0.091428571,0.091428571,0.299165582
UNITY,agree_and_disagree,cardio,3,TRUE,0.56,0.56,0.56,0.896709168
UNITY,agree_and_disagree,cardio,4,FALSE,0.091428571,0.091428571,0.091428571,0.359257525
UNITY,agree_and_disagree,cardio,4,TRUE,0.577142857,0.577142857,0.577142857,0.857011016
UNITY,agree_and_disagree,cardio,5,FALSE,0.542857143,0.542857143,0.542857143,0.578079625
UNITY,agree_and_disagree,cardio,5,TRUE,0.571428571,0.571428571,0.571428571,0.780622777
UNITY,agree_and_disagree,cardio,6,FALSE,0.514285714,0.514285714,0.514285714,0.572160638
UNITY,agree_and_disagree,cardio,6,TRUE,0.542857143,0.542857143,0.542857143,0.892122474
UNITY,agree_and_disagree,cardio,7,FALSE,0.537142857,0.537142857,0.537142857,0.579099662
UNITY,agree_and_disagree,cardio,7,TRUE,0.6,0.6,0.6,0.893832943
UNITY,agree_and_disagree,cardio,8,FALSE,0.091428571,0.091428571,0.091428571,0.329190736
UNITY,agree_and_disagree,cardio,8,TRUE,0.594285714,0.594285714,0.594285714,0.915073293
UNITY,agree_and_disagree,cardio,9,FALSE,0.097142857,0.097142857,0.097142857,0.455578107
UNITY,agree_and_disagree,cardio,9,TRUE,0.537142857,0.537142857,0.537142857,0.770804059
UNITY,agree_and_disagree,cardio,10,FALSE,0.514285714,0.514285714,0.514285714,0.57143551
UNITY,agree_and_disagree,cardio,10,TRUE,0.291428571,0.291428571,0.291428571,0.640034695
UNITY,agree_and_disagree,landsat,1,FALSE,0.177794449,0.177794449,0.177794449,0.560448619
UNITY,agree_and_disagree,landsat,1,TRUE,0.264816204,0.264816204,0.264816204,0.410294361
UNITY,agree_and_disagree,landsat,2,FALSE,0.250562641,0.250562641,0.250562641,0.530502652
UNITY,agree_and_disagree,landsat,2,TRUE,0.291072768,0.291072768,0.291072768,0.433215517
UNITY,agree_and_disagree,landsat,3,FALSE,0.402100525,0.402100525,0.402100525,0.711013994
UNITY,agree_and_disagree,landsat,3,TRUE,0.309077269,0.309077269,0.309077269,0.460021635
UNITY,agree_and_disagree,landsat,4,FALSE,0.347336834,0.347336834,0.347336834,0.677210782
UNITY,agree_and_disagree,landsat,4,TRUE,0.32108027,0.32108027,0.32108027,0.499434492
UNITY,agree_and_disagree,landsat,5,FALSE,0.242310578,0.242310578,0.242310578,0.613734872
UNITY,agree_and_disagree,landsat,5,TRUE,0.288072018,0.288072018,0.288072018,0.509923958
UNITY,agree_and_disagree,landsat,6,FALSE,0.210802701,0.210802701,0.210802701,0.563449957
UNITY,agree_and_disagree,landsat,6,TRUE,0.31807952,0.31807952,0.31807952,0.500862377
UNITY,agree_and_disagree,landsat,7,FALSE,0.431357839,0.431357839,0.431357839,0.761274722
UNITY,agree_and_disagree,landsat,7,TRUE,0.309827457,0.309827457,0.309827457,0.460555236
UNITY,agree_and_disagree,landsat,8,FALSE,0.194298575,0.194298575,0.194298575,0.513672322
UNITY,agree_and_disagree,landsat,8,TRUE,0.31807952,0.31807952,0.31807952,0.46857417
UNITY,agree_and_disagree,landsat,9,FALSE,0.107276819,0.107276819,0.107276819,0.361256474
UNITY,agree_and_disagree,landsat,9,TRUE,0.31207802,0.31207802,0.31207802,0.455872298
UNITY,agree_and_disagree,landsat,10,FALSE,0.198049512,0.198049512,0.198049512,0.529701369
UNITY,agree_and_disagree,landsat,10,TRUE,0.288072018,0.288072018,0.288072018,0.50597496
UNITY,agree_and_disagree,mammography,1,FALSE,0.011857708,0.011857708,0.011857708,0.20629861
UNITY,agree_and_disagree,mammography,1,TRUE,0.28458498,0.28458498,0.28458498,0.640451774
UNITY,agree_and_disagree,mammography,2,FALSE,0.003952569,0.003952569,0.003952569,0.188639031
UNITY,agree_and_disagree,mammography,2,TRUE,0.462450593,0.462450593,0.462450593,0.667412772
UNITY,agree_and_disagree,mammography,3,FALSE,0,0,0,0.193213238
UNITY,agree_and_disagree,mammography,3,TRUE,0.42687747,0.42687747,0.42687747,0.689040012
UNITY,agree_and_disagree,mammography,4,FALSE,0.011857708,0.011857708,0.011857708,0.177146916
UNITY,agree_and_disagree,mammography,4,TRUE,0.300395257,0.300395257,0.300395257,0.766792174
UNITY,agree_and_disagree,mammography,5,FALSE,0.059288538,0.059288538,0.059288538,0.231083743
UNITY,agree_and_disagree,mammography,5,TRUE,0.324110672,0.324110672,0.324110672,0.767297499
UNITY,agree_and_disagree,mammography,6,FALSE,0.011857708,0.011857708,0.011857708,0.190808911
UNITY,agree_and_disagree,mammography,6,TRUE,0.308300395,0.308300395,0.308300395,0.512368497
UNITY,agree_and_disagree,mammography,7,FALSE,0.027667984,0.027667984,0.027667984,0.23441051
UNITY,agree_and_disagree,mammography,7,TRUE,0.363636364,0.363636364,0.363636364,0.636023544
UNITY,agree_and_disagree,mammography,8,FALSE,0,0,0,0.174986144
UNITY,agree_and_disagree,mammography,8,TRUE,0.296442688,0.296442688,0.296442688,0.785437164
UNITY,agree_and_disagree,mammography,9,FALSE,0,0,0,0.159248205
UNITY,agree_and_disagree,mammography,9,TRUE,0.347826087,0.347826087,0.347826087,0.57875969
UNITY,agree_and_disagree,mammography,10,FALSE,0,0,0,0.194780215
UNITY,agree_and_disagree,mammography,10,TRUE,0.304347826,0.304347826,0.304347826,0.649396446
UNITY,agree_and_disagree,mnist,1,FALSE,0.445396146,0.445078459,0.445714286,0.660945759
UNITY,agree_and_disagree,mnist,1,TRUE,0.38401142,0.383737518,0.384285714,0.65849465
UNITY,agree_and_disagree,mnist,2,FALSE,0.005710207,0.005706134,0.005714286,0.399608555
UNITY,agree_and_disagree,mnist,2,TRUE,0.221270521,0.221112696,0.221428571,0.596709919
UNITY,agree_and_disagree,mnist,3,FALSE,0.189864383,0.189728959,0.19,0.464913288
UNITY,agree_and_disagree,mnist,3,TRUE,0.305496074,0.305278174,0.305714286,0.584743072
UNITY,agree_and_disagree,mnist,4,FALSE,0.005710207,0.005706134,0.005714286,0.267683512
UNITY,agree_and_disagree,mnist,4,TRUE,0.249821556,0.249643367,0.25,0.705148176
UNITY,agree_and_disagree,mnist,5,FALSE,0.005710207,0.005706134,0.005714286,0.267656609
UNITY,agree_and_disagree,mnist,5,TRUE,0.31834404,0.318116976,0.318571429,0.596401875
UNITY,agree_and_disagree,mnist,6,FALSE,0.005710207,0.005706134,0.005714286,0.313463194
UNITY,agree_and_disagree,mnist,6,TRUE,0.308351178,0.308131241,0.308571429,0.718886923
UNITY,agree_and_disagree,mnist,7,FALSE,0.296930764,0.296718973,0.297142857,0.5917421
UNITY,agree_and_disagree,mnist,7,TRUE,0.39971449,0.399429387,0.4,0.7021769
UNITY,agree_and_disagree,mnist,8,FALSE,0.005710207,0.005706134,0.005714286,0.255238509
UNITY,agree_and_disagree,mnist,8,TRUE,0.234118487,0.233951498,0.234285714,0.690638128
UNITY,agree_and_disagree,mnist,9,FALSE,0.319771592,0.319543509,0.32,0.599689369
UNITY,agree_and_disagree,mnist,9,TRUE,0.362598144,0.362339515,0.362857143,0.638363341
UNITY,agree_and_disagree,mnist,10,FALSE,0.234118487,0.233951498,0.234285714,0.537181039
UNITY,agree_and_disagree,mnist,10,TRUE,0.281227695,0.281027104,0.281428571,0.560985182
UNITY,agree_and_disagree,pageblocks,1,FALSE,0.452497551,0.452054795,0.452941176,0.753193753
UNITY,agree_and_disagree,pageblocks,1,TRUE,0.340842311,0.340508806,0.341176471,0.683365458
UNITY,agree_and_disagree,pageblocks,2,FALSE,0.49755142,0.497064579,0.498039216,0.801840118
UNITY,agree_and_disagree,pageblocks,2,TRUE,0.323212537,0.322896282,0.323529412,0.777349387
UNITY,agree_and_disagree,pageblocks,3,FALSE,0.450538688,0.450097847,0.450980392,0.649090281
UNITY,agree_and_disagree,pageblocks,3,TRUE,0.356513222,0.356164384,0.356862745,0.58012673
UNITY,agree_and_disagree,pageblocks,4,FALSE,0.501469148,0.500978474,0.501960784,0.750683243
UNITY,agree_and_disagree,pageblocks,4,TRUE,0.397649363,0.397260274,0.398039216,0.678624118
UNITY,agree_and_disagree,pageblocks,5,FALSE,0.493633692,0.493150685,0.494117647,0.748026366
UNITY,agree_and_disagree,pageblocks,5,TRUE,0.362389814,0.362035225,0.362745098,0.757538358
UNITY,agree_and_disagree,pageblocks,6,FALSE,0.487757101,0.487279843,0.488235294,0.720156766
UNITY,agree_and_disagree,pageblocks,6,TRUE,0.383937316,0.383561644,0.384313725,0.795537941
UNITY,agree_and_disagree,pageblocks,7,FALSE,0.536728697,0.536203523,0.537254902,0.761835178
UNITY,agree_and_disagree,pageblocks,7,TRUE,0.317335945,0.31702544,0.317647059,0.649114575
UNITY,agree_and_disagree,pageblocks,8,FALSE,0.487757101,0.487279843,0.488235294,0.745701975
UNITY,agree_and_disagree,pageblocks,8,TRUE,0.378060725,0.377690802,0.378431373,0.678235214
UNITY,agree_and_disagree,pageblocks,9,FALSE,0.491674829,0.491193738,0.492156863,0.726270213
UNITY,agree_and_disagree,pageblocks,9,TRUE,0.352595495,0.352250489,0.352941176,0.657626098
UNITY,agree_and_disagree,pageblocks,10,FALSE,0.499510284,0.499021526,0.5,0.762831834
UNITY,agree_and_disagree,pageblocks,10,TRUE,0.389813908,0.389432485,0.390196078,0.693176808
UNITY,agree_and_disagree,pendigits,1,FALSE,0,0,0,0.085564607
UNITY,agree_and_disagree,pendigits,1,TRUE,0.33974359,0.33974359,0.33974359,0.562853738
UNITY,agree_and_disagree,pendigits,2,FALSE,0,0,0,0.166624657
UNITY,agree_and_disagree,pendigits,2,TRUE,0.429487179,0.429487179,0.429487179,0.83199667
UNITY,agree_and_disagree,pendigits,3,FALSE,0,0,0,0.239335812
UNITY,agree_and_disagree,pendigits,3,TRUE,0.442307692,0.442307692,0.442307692,0.658023227
UNITY,agree_and_disagree,pendigits,4,FALSE,0,0,0,0.139112303
UNITY,agree_and_disagree,pendigits,4,TRUE,0.435897436,0.435897436,0.435897436,0.683423654
UNITY,agree_and_disagree,pendigits,5,FALSE,0,0,0,0.065013405
UNITY,agree_and_disagree,pendigits,5,TRUE,0.288461538,0.288461538,0.288461538,0.556792924
UNITY,agree_and_disagree,pendigits,6,FALSE,0,0,0,0.091180503
UNITY,agree_and_disagree,pendigits,6,TRUE,0.378205128,0.378205128,0.378205128,0.557867506
UNITY,agree_and_disagree,pendigits,7,FALSE,0,0,0,0.108610596
UNITY,agree_and_disagree,pendigits,7,TRUE,0.423076923,0.423076923,0.423076923,0.625619639
UNITY,agree_and_disagree,pendigits,8,FALSE,0,0,0,0.023691406
UNITY,agree_and_disagree,pendigits,8,TRUE,0.397435897,0.397435897,0.397435897,0.698689306
UNITY,agree_and_disagree,pendigits,9,FALSE,0,0,0,0.031242601
UNITY,agree_and_disagree,pendigits,9,TRUE,0.435897436,0.435897436,0.435897436,0.707577164
UNITY,agree_and_disagree,pendigits,10,FALSE,0,0,0,0.130293188
UNITY,agree_and_disagree,pendigits,10,TRUE,0.320512821,0.320512821,0.320512821,0.557673212
UNITY,agree_and_disagree,thyroid,1,FALSE,0,0,0,0.01123253
UNITY,agree_and_disagree,thyroid,1,TRUE,0.827956989,0.827956989,0.827956989,0.933645985
UNITY,agree_and_disagree,thyroid,2,FALSE,0.741935484,0.741935484,0.741935484,0.980320438
UNITY,agree_and_disagree,thyroid,2,TRUE,0.827956989,0.827956989,0.827956989,0.924239269
UNITY,agree_and_disagree,thyroid,3,FALSE,0.731182796,0.731182796,0.731182796,0.969054711
UNITY,agree_and_disagree,thyroid,3,TRUE,0.752688172,0.752688172,0.752688172,0.882737454
UNITY,agree_and_disagree,thyroid,4,FALSE,0.623655914,0.623655914,0.623655914,0.875343661
UNITY,agree_and_disagree,thyroid,4,TRUE,0.47311828,0.47311828,0.47311828,0.726858181
UNITY,agree_and_disagree,thyroid,5,FALSE,0.827956989,0.827956989,0.827956989,0.995962083
UNITY,agree_and_disagree,thyroid,5,TRUE,0.688172043,0.688172043,0.688172043,0.97124267
UNITY,agree_and_disagree,thyroid,6,FALSE,0.827956989,0.827956989,0.827956989,0.995829297
UNITY,agree_and_disagree,thyroid,6,TRUE,0.709677419,0.709677419,0.709677419,0.895346135
UNITY,agree_and_disagree,thyroid,7,FALSE,0.720430108,0.720430108,0.720430108,0.982070805
UNITY,agree_and_disagree,thyroid,7,TRUE,0.838709677,0.838709677,0.838709677,0.932583693
UNITY,agree_and_disagree,thyroid,8,FALSE,0.720430108,0.720430108,0.720430108,0.977308599
UNITY,agree_and_disagree,thyroid,8,TRUE,0.870967742,0.870967742,0.870967742,0.980610154
UNITY,agree_and_disagree,thyroid,9,FALSE,0.720430108,0.720430108,0.720430108,0.982933918
UNITY,agree_and_disagree,thyroid,9,TRUE,0.784946237,0.784946237,0.784946237,0.963121569
UNITY,agree_and_disagree,thyroid,10,FALSE,0.666666667,0.666666667,0.666666667,0.946058505
UNITY,agree_and_disagree,thyroid,10,TRUE,0.591397849,0.591397849,0.591397849,0.924257376
UNITY,agree_and_disagree,wine,1,FALSE,0,0,0,0.178991597
UNITY,agree_and_disagree,wine,1,TRUE,0.1,0.1,0.1,0.606722689
UNITY,agree_and_disagree,wine,2,FALSE,0.1,0.1,0.1,0.705882353
UNITY,agree_and_disagree,wine,2,TRUE,0,0,0,0.660504202
UNITY,agree_and_disagree,wine,3,FALSE,0,0,0,0.12605042
UNITY,agree_and_disagree,wine,3,TRUE,0,0,0,0.658823529
UNITY,agree_and_disagree,wine,4,FALSE,0,0,0,0.285714286
UNITY,agree_and_disagree,wine,4,TRUE,0.2,0.2,0.2,0.827731092
UNITY,agree_and_disagree,wine,5,FALSE,0,0,0,0.398319328
UNITY,agree_and_disagree,wine,5,TRUE,0.1,0.1,0.1,0.6
UNITY,agree_and_disagree,wine,6,FALSE,0,0,0,0.03697479
UNITY,agree_and_disagree,wine,6,TRUE,0.1,0.1,0.1,0.871428571
UNITY,agree_and_disagree,wine,7,FALSE,0,0,0,0.513445378
UNITY,agree_and_disagree,wine,7,TRUE,0.1,0.1,0.1,0.785714286
UNITY,agree_and_disagree,wine,8,FALSE,0,0,0,0.557142857
UNITY,agree_and_disagree,wine,8,TRUE,0,0,0,0.825210084
UNITY,agree_and_disagree,wine,9,FALSE,0,0,0,0.137815126
UNITY,agree_and_disagree,wine,9,TRUE,0.2,0.2,0.2,0.889915966
UNITY,agree_and_disagree,wine,10,FALSE,0,0,0,0.179831933
UNITY,agree_and_disagree,wine,10,TRUE,0,0,0,0.350420168
UNITY,agree_and_disagree,WPBC,1,FALSE,0.147368421,0.145833333,0.14893617,0.4648443
UNITY,agree_and_disagree,WPBC,1,TRUE,0.147368421,0.145833333,0.14893617,0.463576159
UNITY,agree_and_disagree,WPBC,2,FALSE,0.126315789,0.125,0.127659574,0.453431027
UNITY,agree_and_disagree,WPBC,2,TRUE,0.210526316,0.208333333,0.212765957,0.51528815
UNITY,agree_and_disagree,WPBC,3,FALSE,0.126315789,0.125,0.127659574,0.501338594
UNITY,agree_and_disagree,WPBC,3,TRUE,0.147368421,0.145833333,0.14893617,0.485979992
UNITY,agree_and_disagree,WPBC,4,FALSE,0.063157895,0.0625,0.063829787,0.348034381
UNITY,agree_and_disagree,WPBC,4,TRUE,0.189473684,0.1875,0.191489362,0.528110469
UNITY,agree_and_disagree,WPBC,5,FALSE,0.231578947,0.229166667,0.234042553,0.49020713
UNITY,agree_and_disagree,WPBC,5,TRUE,0.168421053,0.166666667,0.170212766,0.517542624
UNITY,agree_and_disagree,WPBC,6,FALSE,0.147368421,0.145833333,0.14893617,0.473580386
UNITY,agree_and_disagree,WPBC,6,TRUE,0.168421053,0.166666667,0.170212766,0.512188249
UNITY,agree_and_disagree,WPBC,7,FALSE,0.231578947,0.229166667,0.234042553,0.472030435
UNITY,agree_and_disagree,WPBC,7,TRUE,0.168421053,0.166666667,0.170212766,0.474848528
UNITY,agree_and_disagree,WPBC,8,FALSE,0.210526316,0.208333333,0.212765957,0.532901226
UNITY,agree_and_disagree,WPBC,8,TRUE,0.147368421,0.145833333,0.14893617,0.468226011
UNITY,agree_and_disagree,WPBC,9,FALSE,0.084210526,0.083333333,0.085106383,0.422854727
UNITY,agree_and_disagree,WPBC,9,TRUE,0.147368421,0.145833333,0.14893617,0.407777934
UNITY,agree_and_disagree,WPBC,10,FALSE,0.126315789,0.125,0.127659574,0.469775962
UNITY,agree_and_disagree,WPBC,10,TRUE,0.168421053,0.166666667,0.170212766,0.480625616
UNITY,agree_only,annthyroid,1,FALSE,0,0,0,0.077066179
UNITY,agree_only,annthyroid,1,TRUE,0.27340824,0.27340824,0.27340824,0.578634473
UNITY,agree_only,annthyroid,2,FALSE,0,0,0,0.030369035
UNITY,agree_only,annthyroid,2,TRUE,0.387640449,0.387640449,0.387640449,0.760998717
UNITY,agree_only,annthyroid,3,FALSE,0,0,0,0.148103301
UNITY,agree_only,annthyroid,3,TRUE,0.370786517,0.370786517,0.370786517,0.77683858
UNITY,agree_only,annthyroid,4,FALSE,0,0,0,0.161896664
UNITY,agree_only,annthyroid,4,TRUE,0.256554307,0.256554307,0.256554307,0.662710932
UNITY,agree_only,annthyroid,5,FALSE,0,0,0,0.065886163
UNITY,agree_only,annthyroid,5,TRUE,0.357677903,0.357677903,0.357677903,0.705030075
UNITY,agree_only,annthyroid,6,FALSE,0,0,0,0.132000814
UNITY,agree_only,annthyroid,6,TRUE,0.265917603,0.265917603,0.265917603,0.544619088
UNITY,agree_only,annthyroid,7,FALSE,0,0,0,0.164022482
UNITY,agree_only,annthyroid,7,TRUE,0.380149813,0.380149813,0.380149813,0.708540163
UNITY,agree_only,annthyroid,8,FALSE,0.760299625,0.760299625,0.760299625,0.972249905
UNITY,agree_only,annthyroid,8,TRUE,0.374531835,0.374531835,0.374531835,0.813213148
UNITY,agree_only,annthyroid,9,FALSE,0,0,0,0.090042835
UNITY,agree_only,annthyroid,9,TRUE,0.383895131,0.383895131,0.383895131,0.723089704
UNITY,agree_only,annthyroid,10,FALSE,0,0,0,0.082707966
UNITY,agree_only,annthyroid,10,TRUE,0.398876404,0.398876404,0.398876404,0.775129434
UNITY,agree_only,cardio,1,FALSE,0.005714286,0.005714286,0.005714286,0.195042068
UNITY,agree_only,cardio,1,TRUE,0.502857143,0.502857143,0.502857143,0.86060196
UNITY,agree_only,cardio,2,FALSE,0.005714286,0.005714286,0.005714286,0.147631191
UNITY,agree_only,cardio,2,TRUE,0.525714286,0.525714286,0.525714286,0.893673345
UNITY,agree_only,cardio,3,FALSE,0,0,0,0.230309654
UNITY,agree_only,cardio,3,TRUE,0.497142857,0.497142857,0.497142857,0.896112412
UNITY,agree_only,cardio,4,FALSE,0.017142857,0.017142857,0.017142857,0.350968861
UNITY,agree_only,cardio,4,TRUE,0.417142857,0.417142857,0.417142857,0.888000694
UNITY,agree_only,cardio,5,FALSE,0.005714286,0.005714286,0.005714286,0.253409663
UNITY,agree_only,cardio,5,TRUE,0.371428571,0.371428571,0.371428571,0.626947697
UNITY,agree_only,cardio,6,FALSE,0,0,0,0.192977708
UNITY,agree_only,cardio,6,TRUE,0.331428571,0.331428571,0.331428571,0.821684448
UNITY,agree_only,cardio,7,FALSE,0,0,0,0.165079365
UNITY,agree_only,cardio,7,TRUE,0.611428571,0.611428571,0.611428571,0.658405759
UNITY,agree_only,cardio,8,FALSE,0,0,0,0.22784977
UNITY,agree_only,cardio,8,TRUE,0.571428571,0.571428571,0.571428571,0.904241478
UNITY,agree_only,cardio,9,FALSE,0,0,0,0.23332466
UNITY,agree_only,cardio,9,TRUE,0.325714286,0.325714286,0.325714286,0.59737011
UNITY,agree_only,cardio,10,FALSE,0.005714286,0.005714286,0.005714286,0.315354324
UNITY,agree_only,cardio,10,TRUE,0.36,0.36,0.36,0.663068783
UNITY,agree_only,landsat,1,FALSE,0.093023256,0.093023256,0.093023256,0.40493821
UNITY,agree_only,landsat,1,TRUE,0.262565641,0.262565641,0.262565641,0.395532414
UNITY,agree_only,landsat,2,FALSE,0.28432108,0.28432108,0.28432108,0.52552755
UNITY,agree_only,landsat,2,TRUE,0.292573143,0.292573143,0.292573143,0.421375213
UNITY,agree_only,landsat,3,FALSE,0.432108027,0.432108027,0.432108027,0.637758371
UNITY,agree_only,landsat,3,TRUE,0.296324081,0.296324081,0.296324081,0.427101753
UNITY,agree_only,landsat,4,FALSE,0.149287322,0.149287322,0.149287322,0.421982039
UNITY,agree_only,landsat,4,TRUE,0.270817704,0.270817704,0.270817704,0.499740919
UNITY,agree_only,landsat,5,FALSE,0.293323331,0.293323331,0.293323331,0.638690445
UNITY,agree_only,landsat,5,TRUE,0.300075019,0.300075019,0.300075019,0.533489728
UNITY,agree_only,landsat,6,FALSE,0.20780195,0.20780195,0.20780195,0.557161365
UNITY,agree_only,landsat,6,TRUE,0.231807952,0.231807952,0.231807952,0.453587623
UNITY,agree_only,landsat,7,FALSE,0.416354089,0.416354089,0.416354089,0.764895163
UNITY,agree_only,landsat,7,TRUE,0.344336084,0.344336084,0.344336084,0.552766328
UNITY,agree_only,landsat,8,FALSE,0.271567892,0.271567892,0.271567892,0.601228708
UNITY,agree_only,landsat,8,TRUE,0.27831958,0.27831958,0.27831958,0.435756626
UNITY,agree_only,landsat,9,FALSE,0.059264816,0.059264816,0.059264816,0.295549044
UNITY,agree_only,landsat,9,TRUE,0.297074269,0.297074269,0.297074269,0.418195003
UNITY,agree_only,landsat,10,FALSE,0.220555139,0.220555139,0.220555139,0.571591153
UNITY,agree_only,landsat,10,TRUE,0.336084021,0.336084021,0.336084021,0.631115197
UNITY,agree_only,mammography,1,FALSE,0.007905138,0.007905138,0.007905138,0.206040483
UNITY,agree_only,mammography,1,TRUE,0.316205534,0.316205534,0.316205534,0.659088177
UNITY,agree_only,mammography,2,FALSE,0,0,0,0.19282917
UNITY,agree_only,mammography,2,TRUE,0.407114625,0.407114625,0.407114625,0.743743934
UNITY,agree_only,mammography,3,FALSE,0,0,0,0.180760694
UNITY,agree_only,mammography,3,TRUE,0.339920949,0.339920949,0.339920949,0.796499673
UNITY,agree_only,mammography,4,FALSE,0.003952569,0.003952569,0.003952569,0.162581738
UNITY,agree_only,mammography,4,TRUE,0.264822134,0.264822134,0.264822134,0.832866172
UNITY,agree_only,mammography,5,FALSE,0.067193676,0.067193676,0.067193676,0.28341248
UNITY,agree_only,mammography,5,TRUE,0.280632411,0.280632411,0.280632411,0.797714067
UNITY,agree_only,mammography,6,FALSE,0,0,0,0.164624116
UNITY,agree_only,mammography,6,TRUE,0.272727273,0.272727273,0.272727273,0.528940665
UNITY,agree_only,mammography,7,FALSE,0.023715415,0.023715415,0.023715415,0.283919106
UNITY,agree_only,mammography,7,TRUE,0.316205534,0.316205534,0.316205534,0.704341061
UNITY,agree_only,mammography,8,FALSE,0,0,0,0.14685707
UNITY,agree_only,mammography,8,TRUE,0.233201581,0.233201581,0.233201581,0.772319526
UNITY,agree_only,mammography,9,FALSE,0,0,0,0.159423586
UNITY,agree_only,mammography,9,TRUE,0.003952569,0.003952569,0.003952569,0.388468074
UNITY,agree_only,mammography,10,FALSE,0,0,0,0.206034759
UNITY,agree_only,mammography,10,TRUE,0.154150198,0.154150198,0.154150198,0.503232572
UNITY,agree_only,mnist,1,FALSE,0.005710207,0.005706134,0.005714286,0.360657478
UNITY,agree_only,mnist,1,TRUE,0.145610278,0.145506419,0.145714286,0.634069763
UNITY,agree_only,mnist,2,FALSE,0.005710207,0.005706134,0.005714286,0.4646873
UNITY,agree_only,mnist,2,TRUE,0.13847252,0.138373752,0.138571429,0.621932079
UNITY,agree_only,mnist,3,FALSE,0.002855103,0.002853067,0.002857143,0.414954575
UNITY,agree_only,mnist,3,TRUE,0.159885796,0.159771755,0.16,0.678171499
UNITY,agree_only,mnist,4,FALSE,0.164168451,0.164051355,0.164285714,0.535108131
UNITY,agree_only,mnist,4,TRUE,0.272662384,0.272467903,0.272857143,0.757896153
UNITY,agree_only,mnist,5,FALSE,0,0,0,0.418874816
UNITY,agree_only,mnist,5,TRUE,0.332619557,0.332382311,0.332857143,0.689057553
UNITY,agree_only,mnist,6,FALSE,0.005710207,0.005706134,0.005714286,0.418569566
UNITY,agree_only,mnist,6,TRUE,0.354032834,0.353780314,0.354285714,0.791654353
UNITY,agree_only,mnist,7,FALSE,0.111349036,0.111269615,0.111428571,0.55868701
UNITY,agree_only,mnist,7,TRUE,0.276945039,0.276747504,0.277142857,0.738201403
UNITY,agree_only,mnist,8,FALSE,0.007137759,0.007132668,0.007142857,0.347663335
UNITY,agree_only,mnist,8,TRUE,0.159885796,0.159771755,0.16,0.683396039
UNITY,agree_only,mnist,9,FALSE,0.005710207,0.005706134,0.005714286,0.355592186
UNITY,agree_only,mnist,9,TRUE,0.144182727,0.144079886,0.144285714,0.659107738
UNITY,agree_only,mnist,10,FALSE,0.015703069,0.015691869,0.015714286,0.465650028
UNITY,agree_only,mnist,10,TRUE,0.12276945,0.122681883,0.122857143,0.426852818
UNITY,agree_only,pageblocks,1,FALSE,0.356513222,0.356164384,0.356862745,0.566843752
UNITY,agree_only,pageblocks,1,TRUE,0.246816846,0.246575342,0.247058824,0.703599925
UNITY,agree_only,pageblocks,2,FALSE,0.186092067,0.18590998,0.18627451,0.429409757
UNITY,agree_only,pageblocks,2,TRUE,0.425073457,0.424657534,0.425490196,0.799909249
UNITY,agree_only,pageblocks,3,FALSE,0.144955926,0.14481409,0.145098039,0.253655941
UNITY,agree_only,pageblocks,3,TRUE,0.389813908,0.389432485,0.390196078,0.699008565
UNITY,agree_only,pageblocks,4,FALSE,0.415279138,0.414872798,0.415686275,0.616912216
UNITY,agree_only,pageblocks,4,TRUE,0.413320274,0.412915851,0.41372549,0.796836564
UNITY,agree_only,pageblocks,5,FALSE,0.278158668,0.277886497,0.278431373,0.506743685
UNITY,agree_only,pageblocks,5,TRUE,0.383937316,0.383561644,0.384313725,0.817263776
UNITY,agree_only,pageblocks,6,FALSE,0.452497551,0.452054795,0.452941176,0.712641096
UNITY,agree_only,pageblocks,6,TRUE,0.440744368,0.440313112,0.441176471,0.869335791
UNITY,agree_only,pageblocks,7,FALSE,0.323212537,0.322896282,0.323529412,0.438029297
UNITY,agree_only,pageblocks,7,TRUE,0.301665034,0.301369863,0.301960784,0.703795481
UNITY,agree_only,pageblocks,8,FALSE,0.084231146,0.084148728,0.084313725,0.299831147
UNITY,agree_only,pageblocks,8,TRUE,0.374142997,0.373776908,0.374509804,0.716114933
UNITY,agree_only,pageblocks,9,FALSE,0.191968658,0.191780822,0.192156863,0.355860669
UNITY,agree_only,pageblocks,9,TRUE,0.438785504,0.438356164,0.439215686,0.811172013
UNITY,agree_only,pageblocks,10,FALSE,0.348677767,0.348336595,0.349019608,0.499272386
UNITY,agree_only,pageblocks,10,TRUE,0.366307542,0.365949119,0.366666667,0.775370734
UNITY,agree_only,pendigits,1,FALSE,0.006410256,0.006410256,0.006410256,0.111641003
UNITY,agree_only,pendigits,1,TRUE,0.352564103,0.352564103,0.352564103,0.815026771
UNITY,agree_only,pendigits,2,FALSE,0,0,0,0.344656306
UNITY,agree_only,pendigits,2,TRUE,0.326923077,0.326923077,0.326923077,0.959268998
UNITY,agree_only,pendigits,3,FALSE,0.006410256,0.006410256,0.006410256,0.59011881
UNITY,agree_only,pendigits,3,TRUE,0.352564103,0.352564103,0.352564103,0.908386991
UNITY,agree_only,pendigits,4,FALSE,0,0,0,0.13164465
UNITY,agree_only,pendigits,4,TRUE,0.397435897,0.397435897,0.397435897,0.82580935
UNITY,agree_only,pendigits,5,FALSE,0,0,0,0.087232572
UNITY,agree_only,pendigits,5,TRUE,0.448717949,0.448717949,0.448717949,0.900641026
UNITY,agree_only,pendigits,6,FALSE,0,0,0,0.105728176
UNITY,agree_only,pendigits,6,TRUE,0.185897436,0.185897436,0.185897436,0.810313123
UNITY,agree_only,pendigits,7,FALSE,0,0,0,0.097141068
UNITY,agree_only,pendigits,7,TRUE,0.506410256,0.506410256,0.506410256,0.935964269
UNITY,agree_only,pendigits,8,FALSE,0,0,0,0.02464903
UNITY,agree_only,pendigits,8,TRUE,0.173076923,0.173076923,0.173076923,0.8860628
UNITY,agree_only,pendigits,9,FALSE,0,0,0,0.046504434
UNITY,agree_only,pendigits,9,TRUE,0.448717949,0.448717949,0.448717949,0.942596984
UNITY,agree_only,pendigits,10,FALSE,0,0,0,0.129423402
UNITY,agree_only,pendigits,10,TRUE,0.33974359,0.33974359,0.33974359,0.860348258
UNITY,agree_only,thyroid,1,FALSE,0,0,0,0.011422656
UNITY,agree_only,thyroid,1,TRUE,0.35483871,0.35483871,0.35483871,0.677262425
UNITY,agree_only,thyroid,2,FALSE,0,0,0,0.006047821
UNITY,agree_only,thyroid,2,TRUE,0.795698925,0.795698925,0.795698925,0.94674658
UNITY,agree_only,thyroid,3,FALSE,0,0,0,0.015354947
UNITY,agree_only,thyroid,3,TRUE,0.569892473,0.569892473,0.569892473,0.905326247
UNITY,agree_only,thyroid,4,FALSE,0,0,0,0.025826973
UNITY,agree_only,thyroid,4,TRUE,0.569892473,0.569892473,0.569892473,0.764469956
UNITY,agree_only,thyroid,5,FALSE,0,0,0,0.023397584
UNITY,agree_only,thyroid,5,TRUE,0.784946237,0.784946237,0.784946237,0.981660374
UNITY,agree_only,thyroid,6,FALSE,0,0,0,0.020781086
UNITY,agree_only,thyroid,6,TRUE,0.623655914,0.623655914,0.623655914,0.866944915
UNITY,agree_only,thyroid,7,FALSE,0,0,0,0.0304745
UNITY,agree_only,thyroid,7,TRUE,0.720430108,0.720430108,0.720430108,0.942708663
UNITY,agree_only,thyroid,8,FALSE,0,0,0,0.052637774
UNITY,agree_only,thyroid,8,TRUE,0.677419355,0.677419355,0.677419355,0.928355651
UNITY,agree_only,thyroid,9,FALSE,0,0,0,0.013136809
UNITY,agree_only,thyroid,9,TRUE,0.430107527,0.430107527,0.430107527,0.748236807
UNITY,agree_only,thyroid,10,FALSE,0,0,0,0.010390543
UNITY,agree_only,thyroid,10,TRUE,0.741935484,0.741935484,0.741935484,0.960154998
UNITY,agree_only,wine,1,FALSE,0,0,0,0.301680672
UNITY,agree_only,wine,1,TRUE,0.1,0.1,0.1,0.872268908
UNITY,agree_only,wine,2,FALSE,0,0,0,0.840336134
UNITY,agree_only,wine,2,TRUE,0.2,0.2,0.2,0.909243697
UNITY,agree_only,wine,3,FALSE,0,0,0,0.091596639
UNITY,agree_only,wine,3,TRUE,0.2,0.2,0.2,0.765546218
UNITY,agree_only,wine,4,FALSE,0,0,0,0.190756303
UNITY,agree_only,wine,4,TRUE,0.1,0.1,0.1,0.828571429
UNITY,agree_only,wine,5,FALSE,0,0,0,0.510084034
UNITY,agree_only,wine,5,TRUE,0.3,0.3,0.3,0.910084034
UNITY,agree_only,wine,6,FALSE,0,0,0,0.040336134
UNITY,agree_only,wine,6,TRUE,0.1,0.1,0.1,0.914285714
UNITY,agree_only,wine,7,FALSE,0,0,0,0.499159664
UNITY,agree_only,wine,7,TRUE,0.5,0.5,0.5,0.936134454
UNITY,agree_only,wine,8,FALSE,0,0,0,0.542857143
UNITY,agree_only,wine,8,TRUE,0.1,0.1,0.1,0.874789916
UNITY,agree_only,wine,9,FALSE,0,0,0,0.231932773
UNITY,agree_only,wine,9,TRUE,0.3,0.3,0.3,0.878991597
UNITY,agree_only,wine,10,FALSE,0,0,0,0.166386555
UNITY,agree_only,wine,10,TRUE,0.1,0.1,0.1,0.874789916
UNITY,agree_only,WPBC,1,FALSE,0.210526316,0.208333333,0.212765957,0.498097788
UNITY,agree_only,WPBC,1,TRUE,0.210526316,0.208333333,0.212765957,0.535719318
UNITY,agree_only,WPBC,2,FALSE,0.168421053,0.166666667,0.170212766,0.404396224
UNITY,agree_only,WPBC,2,TRUE,0.231578947,0.229166667,0.234042553,0.540932789
UNITY,agree_only,WPBC,3,FALSE,0.084210526,0.083333333,0.085106383,0.49020713
UNITY,agree_only,WPBC,3,TRUE,0.168421053,0.166666667,0.170212766,0.500634071
UNITY,agree_only,WPBC,4,FALSE,0.084210526,0.083333333,0.085106383,0.347611667
UNITY,agree_only,WPBC,4,TRUE,0.252631579,0.25,0.255319149,0.528533183
UNITY,agree_only,WPBC,5,FALSE,0.168421053,0.166666667,0.170212766,0.446808511
UNITY,agree_only,WPBC,5,TRUE,0.231578947,0.229166667,0.234042553,0.546568973
UNITY,agree_only,WPBC,6,FALSE,0.168421053,0.166666667,0.170212766,0.507820206
UNITY,agree_only,WPBC,6,TRUE,0.189473684,0.1875,0.191489362,0.536142032
UNITY,agree_only,WPBC,7,FALSE,0.231578947,0.229166667,0.234042553,0.477807524
UNITY,agree_only,WPBC,7,TRUE,0.168421053,0.166666667,0.170212766,0.448781175
UNITY,agree_only,WPBC,8,FALSE,0.210526316,0.208333333,0.212765957,0.582922362
UNITY,agree_only,WPBC,8,TRUE,0.126315789,0.125,0.127659574,0.441031422
UNITY,agree_only,WPBC,9,FALSE,0.126315789,0.125,0.127659574,0.418627589
UNITY,agree_only,WPBC,9,TRUE,0.210526316,0.208333333,0.212765957,0.48288009
UNITY,agree_only,WPBC,10,FALSE,0.189473684,0.1875,0.191489362,0.491052557
UNITY,agree_only,WPBC,10,TRUE,0.168421053,0.166666667,0.170212766,0.470480485
UNITY,disagree_only,annthyroid,1,FALSE,0,0,0,0.045913713
UNITY,disagree_only,annthyroid,1,TRUE,0.288389513,0.288389513,0.288389513,0.505038796
UNITY,disagree_only,annthyroid,2,FALSE,0.709737828,0.709737828,0.709737828,0.916217865
UNITY,disagree_only,annthyroid,2,TRUE,0.308988764,0.308988764,0.308988764,0.495426644
UNITY,disagree_only,annthyroid,3,FALSE,0.786516854,0.786516854,0.786516854,0.9556913
UNITY,disagree_only,annthyroid,3,TRUE,0.297752809,0.297752809,0.297752809,0.51205926
UNITY,disagree_only,annthyroid,4,FALSE,0.647940075,0.647940075,0.647940075,0.847674036
UNITY,disagree_only,annthyroid,4,TRUE,0.352059925,0.352059925,0.352059925,0.618125838
UNITY,disagree_only,annthyroid,5,FALSE,0.779026217,0.779026217,0.779026217,0.943568644
UNITY,disagree_only,annthyroid,5,TRUE,0.303370787,0.303370787,0.303370787,0.498054764
UNITY,disagree_only,annthyroid,6,FALSE,0.782771536,0.782771536,0.782771536,0.956435717
UNITY,disagree_only,annthyroid,6,TRUE,0.31835206,0.31835206,0.31835206,0.54095524
UNITY,disagree_only,annthyroid,7,FALSE,0.58988764,0.58988764,0.58988764,0.867079065
UNITY,disagree_only,annthyroid,7,TRUE,0.323970037,0.323970037,0.323970037,0.56808757
UNITY,disagree_only,annthyroid,8,FALSE,0.700374532,0.700374532,0.700374532,0.913501247
UNITY,disagree_only,annthyroid,8,TRUE,0.404494382,0.404494382,0.404494382,0.64099061
UNITY,disagree_only,annthyroid,9,FALSE,0.584269663,0.584269663,0.584269663,0.855124511
UNITY,disagree_only,annthyroid,9,TRUE,0.320224719,0.320224719,0.320224719,0.563840523
UNITY,disagree_only,annthyroid,10,FALSE,0.702247191,0.702247191,0.702247191,0.885255878
UNITY,disagree_only,annthyroid,10,TRUE,0.310861423,0.310861423,0.310861423,0.486385928
UNITY,disagree_only,cardio,1,FALSE,0,0,0,0.151909099
UNITY,disagree_only,cardio,1,TRUE,0.565714286,0.565714286,0.565714286,0.870257611
UNITY,disagree_only,cardio,2,FALSE,0,0,0,0.165582444
UNITY,disagree_only,cardio,2,TRUE,0.297142857,0.297142857,0.297142857,0.629018996
UNITY,disagree_only,cardio,3,FALSE,0.068571429,0.068571429,0.068571429,0.203316853
UNITY,disagree_only,cardio,3,TRUE,0.662857143,0.662857143,0.662857143,0.887979877
UNITY,disagree_only,cardio,4,FALSE,0.074285714,0.074285714,0.074285714,0.260869113
UNITY,disagree_only,cardio,4,TRUE,0.445714286,0.445714286,0.445714286,0.817420418
UNITY,disagree_only,cardio,5,FALSE,0,0,0,0.197165409
UNITY,disagree_only,cardio,5,TRUE,0.44,0.44,0.44,0.743211033
UNITY,disagree_only,cardio,6,FALSE,0,0,0,0.179335589
UNITY,disagree_only,cardio,6,TRUE,0.462857143,0.462857143,0.462857143,0.851661029
UNITY,disagree_only,cardio,7,FALSE,0,0,0,0.171747767
UNITY,disagree_only,cardio,7,TRUE,0.605714286,0.605714286,0.605714286,0.768458669
UNITY,disagree_only,cardio,8,FALSE,0.068571429,0.068571429,0.068571429,0.218846387
UNITY,disagree_only,cardio,8,TRUE,0.605714286,0.605714286,0.605714286,0.905806228
UNITY,disagree_only,cardio,9,FALSE,0,0,0,0.189084916
UNITY,disagree_only,cardio,9,TRUE,0.44,0.44,0.44,0.789119611
UNITY,disagree_only,cardio,10,FALSE,0,0,0,0.211140602
UNITY,disagree_only,cardio,10,TRUE,0.24,0.24,0.24,0.518903634
UNITY,disagree_only,landsat,1,FALSE,0.173293323,0.173293323,0.173293323,0.543252385
UNITY,disagree_only,landsat,1,TRUE,0.246061515,0.246061515,0.246061515,0.410877587
UNITY,disagree_only,landsat,2,FALSE,0.231807952,0.231807952,0.231807952,0.467226273
UNITY,disagree_only,landsat,2,TRUE,0.267066767,0.267066767,0.267066767,0.42344639
UNITY,disagree_only,landsat,3,FALSE,0.348087022,0.348087022,0.348087022,0.669011505
UNITY,disagree_only,landsat,3,TRUE,0.273068267,0.273068267,0.273068267,0.438551082
UNITY,disagree_only,landsat,4,FALSE,0.361590398,0.361590398,0.361590398,0.721693433
UNITY,disagree_only,landsat,4,TRUE,0.240060015,0.240060015,0.240060015,0.462709783
UNITY,disagree_only,landsat,5,FALSE,0.205551388,0.205551388,0.205551388,0.490133902
UNITY,disagree_only,landsat,5,TRUE,0.230307577,0.230307577,0.230307577,0.470702544
UNITY,disagree_only,landsat,6,FALSE,0.212303076,0.212303076,0.212303076,0.574101238
UNITY,disagree_only,landsat,6,TRUE,0.300075019,0.300075019,0.300075019,0.487069484
UNITY,disagree_only,landsat,7,FALSE,0.174793698,0.174793698,0.174793698,0.605103304
UNITY,disagree_only,landsat,7,TRUE,0.23555889,0.23555889,0.23555889,0.449796397
UNITY,disagree_only,landsat,8,FALSE,0.223555889,0.223555889,0.223555889,0.517940981
UNITY,disagree_only,landsat,8,TRUE,0.236309077,0.236309077,0.236309077,0.43006317
UNITY,disagree_only,landsat,9,FALSE,0.222805701,0.222805701,0.222805701,0.566631196
UNITY,disagree_only,landsat,9,TRUE,0.240060015,0.240060015,0.240060015,0.444495679
UNITY,disagree_only,landsat,10,FALSE,0.222805701,0.222805701,0.222805701,0.541761053
UNITY,disagree_only,landsat,10,TRUE,0.262565641,0.262565641,0.262565641,0.458830628
UNITY,disagree_only,mammography,1,FALSE,0.011857708,0.011857708,0.011857708,0.197191308
UNITY,disagree_only,mammography,1,TRUE,0.023715415,0.023715415,0.023715415,0.473142826
UNITY,disagree_only,mammography,2,FALSE,0.003952569,0.003952569,0.003952569,0.193580653
UNITY,disagree_only,mammography,2,TRUE,0.075098814,0.075098814,0.075098814,0.502047061
UNITY,disagree_only,mammography,3,FALSE,0,0,0,0.205511739
UNITY,disagree_only,mammography,3,TRUE,0.023715415,0.023715415,0.023715415,0.38490868
UNITY,disagree_only,mammography,4,FALSE,0.011857708,0.011857708,0.011857708,0.187651019
UNITY,disagree_only,mammography,4,TRUE,0.276679842,0.276679842,0.276679842,0.735518479
UNITY,disagree_only,mammography,5,FALSE,0.04743083,0.04743083,0.04743083,0.247820102
UNITY,disagree_only,mammography,5,TRUE,0.090909091,0.090909091,0.090909091,0.60993997
UNITY,disagree_only,mammography,6,FALSE,0,0,0,0.198694793
UNITY,disagree_only,mammography,6,TRUE,0.035573123,0.035573123,0.035573123,0.375559904
UNITY,disagree_only,mammography,7,FALSE,0.023715415,0.023715415,0.023715415,0.202719701
UNITY,disagree_only,mammography,7,TRUE,0.051383399,0.051383399,0.051383399,0.549571306
UNITY,disagree_only,mammography,8,FALSE,0,0,0,0.194820807
UNITY,disagree_only,mammography,8,TRUE,0.086956522,0.086956522,0.086956522,0.572537581
UNITY,disagree_only,mammography,9,FALSE,0,0,0,0.180121622
UNITY,disagree_only,mammography,9,TRUE,0.019762846,0.019762846,0.019762846,0.360568504
UNITY,disagree_only,mammography,10,FALSE,0,0,0,0.190553906
UNITY,disagree_only,mammography,10,TRUE,0.063241107,0.063241107,0.063241107,0.502865417
UNITY,disagree_only,mnist,1,FALSE,0.005710207,0.005706134,0.005714286,0.297498189
UNITY,disagree_only,mnist,1,TRUE,0.039971449,0.039942939,0.04,0.332140477
UNITY,disagree_only,mnist,2,FALSE,0.005710207,0.005706134,0.005714286,0.375291281
UNITY,disagree_only,mnist,2,TRUE,0.027123483,0.027104137,0.027142857,0.270014383
UNITY,disagree_only,mnist,3,FALSE,0.004282655,0.004279601,0.004285714,0.326496037
UNITY,disagree_only,mnist,3,TRUE,0.015703069,0.015691869,0.015714286,0.274686679
UNITY,disagree_only,mnist,4,FALSE,0.005710207,0.005706134,0.005714286,0.266582128
UNITY,disagree_only,mnist,4,TRUE,0.042826552,0.042796006,0.042857143,0.296837089
UNITY,disagree_only,mnist,5,FALSE,0.005710207,0.005706134,0.005714286,0.293647896
UNITY,disagree_only,mnist,5,TRUE,0.05710207,0.057061341,0.057142857,0.352014962
UNITY,disagree_only,mnist,6,FALSE,0.005710207,0.005706134,0.005714286,0.311815981
UNITY,disagree_only,mnist,6,TRUE,0.105638829,0.105563481,0.105714286,0.380513338
UNITY,disagree_only,mnist,7,FALSE,0.005710207,0.005706134,0.005714286,0.301552017
UNITY,disagree_only,mnist,7,TRUE,0.035688794,0.035663338,0.035714286,0.239982099
UNITY,disagree_only,mnist,8,FALSE,0.005710207,0.005706134,0.005714286,0.244857308
UNITY,disagree_only,mnist,8,TRUE,0.034261242,0.034236805,0.034285714,0.289288301
UNITY,disagree_only,mnist,9,FALSE,0.005710207,0.005706134,0.005714286,0.355399516
UNITY,disagree_only,mnist,9,TRUE,0.017130621,0.017118402,0.017142857,0.278365617
UNITY,disagree_only,mnist,10,FALSE,0.005710207,0.005706134,0.005714286,0.293102481
UNITY,disagree_only,mnist,10,TRUE,0.025695931,0.025677603,0.025714286,0.30683026
UNITY,disagree_only,pageblocks,1,FALSE,0.524975514,0.52446184,0.525490196,0.786268085
UNITY,disagree_only,pageblocks,1,TRUE,0.295788443,0.295499022,0.296078431,0.496616312
UNITY,disagree_only,pageblocks,2,FALSE,0.521057786,0.520547945,0.521568627,0.772712452
UNITY,disagree_only,pageblocks,2,TRUE,0.303623898,0.30332681,0.303921569,0.54035429
UNITY,disagree_only,pageblocks,3,FALSE,0.526934378,0.526418787,0.52745098,0.665578859
UNITY,disagree_only,pageblocks,3,TRUE,0.36043095,0.360078278,0.360784314,0.506270253
UNITY,disagree_only,pageblocks,4,FALSE,0.505386876,0.504892368,0.505882353,0.758435027
UNITY,disagree_only,pageblocks,4,TRUE,0.376101861,0.375733855,0.376470588,0.49967675
UNITY,disagree_only,pageblocks,5,FALSE,0.554358472,0.553816047,0.554901961,0.812538097
UNITY,disagree_only,pageblocks,5,TRUE,0.399608227,0.399217221,0.4,0.617442869
UNITY,disagree_only,pageblocks,6,FALSE,0.477962782,0.477495108,0.478431373,0.651404633
UNITY,disagree_only,pageblocks,6,TRUE,0.36043095,0.360078278,0.360784314,0.576159585
UNITY,disagree_only,pageblocks,7,FALSE,0.485798237,0.485322896,0.48627451,0.644021274
UNITY,disagree_only,pageblocks,7,TRUE,0.317335945,0.31702544,0.317647059,0.458406115
UNITY,disagree_only,pageblocks,8,FALSE,0.485798237,0.485322896,0.48627451,0.675867857
UNITY,disagree_only,pageblocks,8,TRUE,0.301665034,0.301369863,0.301960784,0.546085057
UNITY,disagree_only,pageblocks,9,FALSE,0.515181195,0.514677104,0.515686275,0.716576116
UNITY,disagree_only,pageblocks,9,TRUE,0.293829579,0.293542074,0.294117647,0.480198809
UNITY,disagree_only,pageblocks,10,FALSE,0.507345739,0.506849315,0.507843137,0.690724522
UNITY,disagree_only,pageblocks,10,TRUE,0.287952987,0.287671233,0.288235294,0.527804548
UNITY,disagree_only,pendigits,1,FALSE,0,0,0,0.070654125
UNITY,disagree_only,pendigits,1,TRUE,0.115384615,0.115384615,0.115384615,0.511521085
UNITY,disagree_only,pendigits,2,FALSE,0,0,0,0.113869412
UNITY,disagree_only,pendigits,2,TRUE,0.173076923,0.173076923,0.173076923,0.644419812
UNITY,disagree_only,pendigits,3,FALSE,0,0,0,0.136985098
UNITY,disagree_only,pendigits,3,TRUE,0.275641026,0.275641026,0.275641026,0.765297159
UNITY,disagree_only,pendigits,4,FALSE,0,0,0,0.141910703
UNITY,disagree_only,pendigits,4,TRUE,0.333333333,0.333333333,0.333333333,0.611483467
UNITY,disagree_only,pendigits,5,FALSE,0,0,0,0.058134361
UNITY,disagree_only,pendigits,5,TRUE,0.064102564,0.064102564,0.064102564,0.533305836
UNITY,disagree_only,pendigits,6,FALSE,0,0,0,0.067522036
UNITY,disagree_only,pendigits,6,TRUE,0.192307692,0.192307692,0.192307692,0.582907511
UNITY,disagree_only,pendigits,7,FALSE,0,0,0,0.106894892
UNITY,disagree_only,pendigits,7,TRUE,0.326923077,0.326923077,0.326923077,0.511040841
UNITY,disagree_only,pendigits,8,FALSE,0,0,0,0.024682447
UNITY,disagree_only,pendigits,8,TRUE,0.083333333,0.083333333,0.083333333,0.637319264
UNITY,disagree_only,pendigits,9,FALSE,0,0,0,0.029570816
UNITY,disagree_only,pendigits,9,TRUE,0.262820513,0.262820513,0.262820513,0.589020837
UNITY,disagree_only,pendigits,10,FALSE,0,0,0,0.194172338
UNITY,disagree_only,pendigits,10,TRUE,0.314102564,0.314102564,0.314102564,0.588499538
UNITY,disagree_only,thyroid,1,FALSE,0,0,0,0.009726611
UNITY,disagree_only,thyroid,1,TRUE,0.52688172,0.52688172,0.52688172,0.806261487
UNITY,disagree_only,thyroid,2,FALSE,0,0,0,0.009548556
UNITY,disagree_only,thyroid,2,TRUE,0.688172043,0.688172043,0.688172043,0.801294065
UNITY,disagree_only,thyroid,3,FALSE,0,0,0,0.010601794
UNITY,disagree_only,thyroid,3,TRUE,0.720430108,0.720430108,0.720430108,0.860148661
UNITY,disagree_only,thyroid,4,FALSE,0.612903226,0.612903226,0.612903226,0.816655048
UNITY,disagree_only,thyroid,4,TRUE,0.548387097,0.548387097,0.548387097,0.631426942
UNITY,disagree_only,thyroid,5,FALSE,0,0,0,0.01441337
UNITY,disagree_only,thyroid,5,TRUE,0.688172043,0.688172043,0.688172043,0.862372834
UNITY,disagree_only,thyroid,6,FALSE,0,0,0,0.012976862
UNITY,disagree_only,thyroid,6,TRUE,0.666666667,0.666666667,0.666666667,0.803448827
UNITY,disagree_only,thyroid,7,FALSE,0,0,0,0.018689699
UNITY,disagree_only,thyroid,7,TRUE,0.709677419,0.709677419,0.709677419,0.845029107
UNITY,disagree_only,thyroid,8,FALSE,0.698924731,0.698924731,0.698924731,0.958090772
UNITY,disagree_only,thyroid,8,TRUE,0.752688172,0.752688172,0.752688172,0.879046593
UNITY,disagree_only,thyroid,9,FALSE,0,0,0,0.012711289
UNITY,disagree_only,thyroid,9,TRUE,0.537634409,0.537634409,0.537634409,0.67154657
UNITY,disagree_only,thyroid,10,FALSE,0,0,0,0.010985065
UNITY,disagree_only,thyroid,10,TRUE,0.655913978,0.655913978,0.655913978,0.801034528
UNITY,disagree_only,wine,1,FALSE,0,0,0,0.104201681
UNITY,disagree_only,wine,1,TRUE,0.2,0.2,0.2,0.880672269
UNITY,disagree_only,wine,2,FALSE,0,0,0,0.393277311
UNITY,disagree_only,wine,2,TRUE,0.1,0.1,0.1,0.605042017
UNITY,disagree_only,wine,3,FALSE,0,0,0,0.226890756
UNITY,disagree_only,wine,3,TRUE,0,0,0,0.723529412
UNITY,disagree_only,wine,4,FALSE,0,0,0,0.354621849
UNITY,disagree_only,wine,4,TRUE,0.2,0.2,0.2,0.82605042
UNITY,disagree_only,wine,5,FALSE,0,0,0,0.357142857
UNITY,disagree_only,wine,5,TRUE,0.2,0.2,0.2,0.635294118
UNITY,disagree_only,wine,6,FALSE,0,0,0,0.055462185
UNITY,disagree_only,wine,6,TRUE,0,0,0,0.780672269
UNITY,disagree_only,wine,7,FALSE,0,0,0,0.402521008
UNITY,disagree_only,wine,7,TRUE,0.1,0.1,0.1,0.614285714
UNITY,disagree_only,wine,8,FALSE,0,0,0,0.581512605
UNITY,disagree_only,wine,8,TRUE,0,0,0,0.7
UNITY,disagree_only,wine,9,FALSE,0,0,0,0.087394958
UNITY,disagree_only,wine,9,TRUE,0.2,0.2,0.2,0.705882353
UNITY,disagree_only,wine,10,FALSE,0,0,0,0.174789916
UNITY,disagree_only,wine,10,TRUE,0,0,0,0.484033613
UNITY,disagree_only,WPBC,1,FALSE,0.126315789,0.125,0.127659574,0.453431027
UNITY,disagree_only,WPBC,1,TRUE,0.168421053,0.166666667,0.170212766,0.482739186
UNITY,disagree_only,WPBC,2,FALSE,0.126315789,0.125,0.127659574,0.462026208
UNITY,disagree_only,WPBC,2,TRUE,0.231578947,0.229166667,0.234042553,0.502184021
UNITY,disagree_only,WPBC,3,FALSE,0.126315789,0.125,0.127659574,0.494152459
UNITY,disagree_only,WPBC,3,TRUE,0.168421053,0.166666667,0.170212766,0.487389038
UNITY,disagree_only,WPBC,4,FALSE,0.084210526,0.083333333,0.085106383,0.376778921
UNITY,disagree_only,WPBC,4,TRUE,0.252631579,0.25,0.255319149,0.550514302
UNITY,disagree_only,WPBC,5,FALSE,0.231578947,0.229166667,0.234042553,0.491052557
UNITY,disagree_only,WPBC,5,TRUE,0.168421053,0.166666667,0.170212766,0.525715091
UNITY,disagree_only,WPBC,6,FALSE,0.168421053,0.166666667,0.170212766,0.432154431
UNITY,disagree_only,WPBC,6,TRUE,0.147368421,0.145833333,0.14893617,0.467098774
UNITY,disagree_only,WPBC,7,FALSE,0.210526316,0.208333333,0.212765957,0.487811751
UNITY,disagree_only,WPBC,7,TRUE,0.147368421,0.145833333,0.14893617,0.464139777
UNITY,disagree_only,WPBC,8,FALSE,0.189473684,0.1875,0.191489362,0.510497393
UNITY,disagree_only,WPBC,8,TRUE,0.126315789,0.125,0.127659574,0.472875863
UNITY,disagree_only,WPBC,9,FALSE,0.126315789,0.125,0.127659574,0.447372129
UNITY,disagree_only,WPBC,9,TRUE,0.147368421,0.145833333,0.14893617,0.413273214
UNITY,disagree_only,WPBC,10,FALSE,0.147368421,0.145833333,0.14893617,0.471607722
UNITY,disagree_only,WPBC,10,TRUE,0.147368421,0.145833333,0.14893617,0.502043117
UNITY,refurbishment_only,annthyroid,1,FALSE,0.434456929,0.434456929,0.434456929,0.607492014
UNITY,refurbishment_only,annthyroid,1,TRUE,0.434456929,0.434456929,0.434456929,0.607492014
UNITY,refurbishment_only,annthyroid,2,FALSE,0.449438202,0.449438202,0.449438202,0.837573208
UNITY,refurbishment_only,annthyroid,2,TRUE,0.449438202,0.449438202,0.449438202,0.837573208
UNITY,refurbishment_only,annthyroid,3,FALSE,0.397003745,0.397003745,0.397003745,0.727596507
UNITY,refurbishment_only,annthyroid,3,TRUE,0.397003745,0.397003745,0.397003745,0.727596507
UNITY,refurbishment_only,annthyroid,4,FALSE,0.434456929,0.434456929,0.434456929,0.551066108
UNITY,refurbishment_only,annthyroid,4,TRUE,0.434456929,0.434456929,0.434456929,0.551066108
UNITY,refurbishment_only,annthyroid,5,FALSE,0.468164794,0.468164794,0.468164794,0.54655285
UNITY,refurbishment_only,annthyroid,5,TRUE,0.468164794,0.468164794,0.468164794,0.54655285
UNITY,refurbishment_only,annthyroid,6,FALSE,0.355805243,0.355805243,0.355805243,0.492432196
UNITY,refurbishment_only,annthyroid,6,TRUE,0.355805243,0.355805243,0.355805243,0.492432196
UNITY,refurbishment_only,annthyroid,7,FALSE,0.470037453,0.470037453,0.470037453,0.547146232
UNITY,refurbishment_only,annthyroid,7,TRUE,0.470037453,0.470037453,0.470037453,0.547146232
UNITY,refurbishment_only,annthyroid,8,FALSE,0.400749064,0.400749064,0.400749064,0.623097076
UNITY,refurbishment_only,annthyroid,8,TRUE,0.400749064,0.400749064,0.400749064,0.623097076
UNITY,refurbishment_only,annthyroid,9,FALSE,0.383895131,0.383895131,0.383895131,0.597158251
UNITY,refurbishment_only,annthyroid,9,TRUE,0.383895131,0.383895131,0.383895131,0.597158251
UNITY,refurbishment_only,annthyroid,10,FALSE,0.501872659,0.501872659,0.501872659,0.607877848
UNITY,refurbishment_only,annthyroid,10,TRUE,0.501872659,0.501872659,0.501872659,0.607877848
UNITY,refurbishment_only,cardio,1,FALSE,0.531428571,0.531428571,0.531428571,0.89236187
UNITY,refurbishment_only,cardio,1,TRUE,0.531428571,0.531428571,0.531428571,0.89236187
UNITY,refurbishment_only,cardio,2,FALSE,0.56,0.56,0.56,0.902034869
UNITY,refurbishment_only,cardio,2,TRUE,0.56,0.56,0.56,0.902034869
UNITY,refurbishment_only,cardio,3,FALSE,0.474285714,0.474285714,0.474285714,0.79147541
UNITY,refurbishment_only,cardio,3,TRUE,0.474285714,0.474285714,0.474285714,0.79147541
UNITY,refurbishment_only,cardio,4,FALSE,0.617142857,0.617142857,0.617142857,0.846468905
UNITY,refurbishment_only,cardio,4,TRUE,0.617142857,0.617142857,0.617142857,0.846468905
UNITY,refurbishment_only,cardio,5,FALSE,0.6,0.6,0.6,0.855779339
UNITY,refurbishment_only,cardio,5,TRUE,0.6,0.6,0.6,0.855779339
UNITY,refurbishment_only,cardio,6,FALSE,0.565714286,0.565714286,0.565714286,0.77889843
UNITY,refurbishment_only,cardio,6,TRUE,0.565714286,0.565714286,0.565714286,0.77889843
UNITY,refurbishment_only,cardio,7,FALSE,0.485714286,0.485714286,0.485714286,0.868200191
UNITY,refurbishment_only,cardio,7,TRUE,0.485714286,0.485714286,0.485714286,0.868200191
UNITY,refurbishment_only,cardio,8,FALSE,0.548571429,0.548571429,0.548571429,0.862895307
UNITY,refurbishment_only,cardio,8,TRUE,0.548571429,0.548571429,0.548571429,0.862895307
UNITY,refurbishment_only,cardio,9,FALSE,0.445714286,0.445714286,0.445714286,0.636169659
UNITY,refurbishment_only,cardio,9,TRUE,0.445714286,0.445714286,0.445714286,0.636169659
UNITY,refurbishment_only,cardio,10,FALSE,0.394285714,0.394285714,0.394285714,0.791473675
UNITY,refurbishment_only,cardio,10,TRUE,0.394285714,0.394285714,0.394285714,0.791473675
UNITY,refurbishment_only,landsat,1,FALSE,0.256564141,0.256564141,0.256564141,0.577326736
UNITY,refurbishment_only,landsat,1,TRUE,0.256564141,0.256564141,0.256564141,0.577326736
UNITY,refurbishment_only,landsat,2,FALSE,0.215303826,0.215303826,0.215303826,0.497989771
UNITY,refurbishment_only,landsat,2,TRUE,0.215303826,0.215303826,0.215303826,0.497989771
UNITY,refurbishment_only,landsat,3,FALSE,0.282070518,0.282070518,0.282070518,0.569328019
UNITY,refurbishment_only,landsat,3,TRUE,0.282070518,0.282070518,0.282070518,0.569328019
UNITY,refurbishment_only,landsat,4,FALSE,0.215303826,0.215303826,0.215303826,0.527802006
UNITY,refurbishment_only,landsat,4,TRUE,0.215303826,0.215303826,0.215303826,0.527802006
UNITY,refurbishment_only,landsat,5,FALSE,0.203300825,0.203300825,0.203300825,0.538878521
UNITY,refurbishment_only,landsat,5,TRUE,0.203300825,0.203300825,0.203300825,0.538878521
UNITY,refurbishment_only,landsat,6,FALSE,0.212303076,0.212303076,0.212303076,0.527740912
UNITY,refurbishment_only,landsat,6,TRUE,0.212303076,0.212303076,0.212303076,0.527740912
UNITY,refurbishment_only,landsat,7,FALSE,0.319579895,0.319579895,0.319579895,0.600453818
UNITY,refurbishment_only,landsat,7,TRUE,0.319579895,0.319579895,0.319579895,0.600453818
UNITY,refurbishment_only,landsat,8,FALSE,0.289572393,0.289572393,0.289572393,0.626889327
UNITY,refurbishment_only,landsat,8,TRUE,0.289572393,0.289572393,0.289572393,0.626889327
UNITY,refurbishment_only,landsat,9,FALSE,0.28732183,0.28732183,0.28732183,0.572991102
UNITY,refurbishment_only,landsat,9,TRUE,0.28732183,0.28732183,0.28732183,0.572991102
UNITY,refurbishment_only,landsat,10,FALSE,0.144786197,0.144786197,0.144786197,0.488447376
UNITY,refurbishment_only,landsat,10,TRUE,0.144786197,0.144786197,0.144786197,0.488447376
UNITY,refurbishment_only,mammography,1,FALSE,0.063241107,0.063241107,0.063241107,0.690566656
UNITY,refurbishment_only,mammography,1,TRUE,0.063241107,0.063241107,0.063241107,0.690566656
UNITY,refurbishment_only,mammography,2,FALSE,0.221343874,0.221343874,0.221343874,0.713527466
UNITY,refurbishment_only,mammography,2,TRUE,0.221343874,0.221343874,0.221343874,0.713527466
UNITY,refurbishment_only,mammography,3,FALSE,0.114624506,0.114624506,0.114624506,0.510166612
UNITY,refurbishment_only,mammography,3,TRUE,0.114624506,0.114624506,0.114624506,0.510166612
UNITY,refurbishment_only,mammography,4,FALSE,0.166007905,0.166007905,0.166007905,0.695498651
UNITY,refurbishment_only,mammography,4,TRUE,0.166007905,0.166007905,0.166007905,0.695498651
UNITY,refurbishment_only,mammography,5,FALSE,0.245059289,0.245059289,0.245059289,0.660411078
UNITY,refurbishment_only,mammography,5,TRUE,0.245059289,0.245059289,0.245059289,0.660411078
UNITY,refurbishment_only,mammography,6,FALSE,0.14229249,0.14229249,0.14229249,0.641785864
UNITY,refurbishment_only,mammography,6,TRUE,0.14229249,0.14229249,0.14229249,0.641785864
UNITY,refurbishment_only,mammography,7,FALSE,0.063241107,0.063241107,0.063241107,0.603419662
UNITY,refurbishment_only,mammography,7,TRUE,0.063241107,0.063241107,0.063241107,0.603419662
UNITY,refurbishment_only,mammography,8,FALSE,0.098814229,0.098814229,0.098814229,0.739492125
UNITY,refurbishment_only,mammography,8,TRUE,0.098814229,0.098814229,0.098814229,0.739492125
UNITY,refurbishment_only,mammography,9,FALSE,0.118577075,0.118577075,0.118577075,0.625308933
UNITY,refurbishment_only,mammography,9,TRUE,0.118577075,0.118577075,0.118577075,0.625308933
UNITY,refurbishment_only,mammography,10,FALSE,0.051383399,0.051383399,0.051383399,0.661396227
UNITY,refurbishment_only,mammography,10,TRUE,0.051383399,0.051383399,0.051383399,0.661396227
UNITY,refurbishment_only,mnist,1,FALSE,0.305496074,0.305278174,0.305714286,0.704405745
UNITY,refurbishment_only,mnist,1,TRUE,0.305496074,0.305278174,0.305714286,0.704405745
UNITY,refurbishment_only,mnist,2,FALSE,0.4082798,0.407988588,0.408571429,0.758741955
UNITY,refurbishment_only,mnist,2,TRUE,0.4082798,0.407988588,0.408571429,0.758741955
UNITY,refurbishment_only,mnist,3,FALSE,0.28551035,0.285306705,0.285714286,0.673554976
UNITY,refurbishment_only,mnist,3,TRUE,0.28551035,0.285306705,0.285714286,0.673554976
UNITY,refurbishment_only,mnist,4,FALSE,0.413990007,0.413694722,0.414285714,0.749533122
UNITY,refurbishment_only,mnist,4,TRUE,0.413990007,0.413694722,0.414285714,0.749533122
UNITY,refurbishment_only,mnist,5,FALSE,0.368308351,0.368045649,0.368571429,0.722956272
UNITY,refurbishment_only,mnist,5,TRUE,0.368308351,0.368045649,0.368571429,0.722956272
UNITY,refurbishment_only,mnist,6,FALSE,0.403997145,0.403708987,0.404285714,0.791088657
UNITY,refurbishment_only,mnist,6,TRUE,0.403997145,0.403708987,0.404285714,0.791088657
UNITY,refurbishment_only,mnist,7,FALSE,0.258386867,0.258202568,0.258571429,0.658594814
UNITY,refurbishment_only,mnist,7,TRUE,0.258386867,0.258202568,0.258571429,0.658594814
UNITY,refurbishment_only,mnist,8,FALSE,0.12276945,0.122681883,0.122857143,0.53347023
UNITY,refurbishment_only,mnist,8,TRUE,0.12276945,0.122681883,0.122857143,0.53347023
UNITY,refurbishment_only,mnist,9,FALSE,0.364025696,0.363766049,0.364285714,0.759157923
UNITY,refurbishment_only,mnist,9,TRUE,0.364025696,0.363766049,0.364285714,0.759157923
UNITY,refurbishment_only,mnist,10,FALSE,0.271234832,0.271041369,0.271428571,0.674991515
UNITY,refurbishment_only,mnist,10,TRUE,0.271234832,0.271041369,0.271428571,0.674991515
UNITY,refurbishment_only,pageblocks,1,FALSE,0.501469148,0.500978474,0.501960784,0.699751439
UNITY,refurbishment_only,pageblocks,1,TRUE,0.501469148,0.500978474,0.501960784,0.699751439
UNITY,refurbishment_only,pageblocks,2,FALSE,0.483839373,0.483365949,0.484313725,0.663451832
UNITY,refurbishment_only,pageblocks,2,TRUE,0.483839373,0.483365949,0.484313725,0.663451832
UNITY,refurbishment_only,pageblocks,3,FALSE,0.515181195,0.514677104,0.515686275,0.684553252
UNITY,refurbishment_only,pageblocks,3,TRUE,0.515181195,0.514677104,0.515686275,0.684553252
UNITY,refurbishment_only,pageblocks,4,FALSE,0.505386876,0.504892368,0.505882353,0.637290841
UNITY,refurbishment_only,pageblocks,4,TRUE,0.505386876,0.504892368,0.505882353,0.637290841
UNITY,refurbishment_only,pageblocks,5,FALSE,0.534769833,0.534246575,0.535294118,0.727416045
UNITY,refurbishment_only,pageblocks,5,TRUE,0.534769833,0.534246575,0.535294118,0.727416045
UNITY,refurbishment_only,pageblocks,6,FALSE,0.44662096,0.446183953,0.447058824,0.758514936
UNITY,refurbishment_only,pageblocks,6,TRUE,0.44662096,0.446183953,0.447058824,0.758514936
UNITY,refurbishment_only,pageblocks,7,FALSE,0.448579824,0.4481409,0.449019608,0.578188433
UNITY,refurbishment_only,pageblocks,7,TRUE,0.448579824,0.4481409,0.449019608,0.578188433
UNITY,refurbishment_only,pageblocks,8,FALSE,0.368266405,0.367906067,0.368627451,0.766068352
UNITY,refurbishment_only,pageblocks,8,TRUE,0.368266405,0.367906067,0.368627451,0.766068352
UNITY,refurbishment_only,pageblocks,9,FALSE,0.436826641,0.436399217,0.437254902,0.849949003
UNITY,refurbishment_only,pageblocks,9,TRUE,0.436826641,0.436399217,0.437254902,0.849949003
UNITY,refurbishment_only,pageblocks,10,FALSE,0.530852106,0.530332681,0.531372549,0.72149434
UNITY,refurbishment_only,pageblocks,10,TRUE,0.530852106,0.530332681,0.531372549,0.72149434
UNITY,refurbishment_only,pendigits,1,FALSE,0.205128205,0.205128205,0.205128205,0.828374312
UNITY,refurbishment_only,pendigits,1,TRUE,0.205128205,0.205128205,0.205128205,0.828374312
UNITY,refurbishment_only,pendigits,2,FALSE,0.448717949,0.448717949,0.448717949,0.940538523
UNITY,refurbishment_only,pendigits,2,TRUE,0.448717949,0.448717949,0.448717949,0.940538523
UNITY,refurbishment_only,pendigits,3,FALSE,0.269230769,0.269230769,0.269230769,0.853651574
UNITY,refurbishment_only,pendigits,3,TRUE,0.269230769,0.269230769,0.269230769,0.853651574
UNITY,refurbishment_only,pendigits,4,FALSE,0.371794872,0.371794872,0.371794872,0.877491923
UNITY,refurbishment_only,pendigits,4,TRUE,0.371794872,0.371794872,0.371794872,0.877491923
UNITY,refurbishment_only,pendigits,5,FALSE,0.397435897,0.397435897,0.397435897,0.813198884
UNITY,refurbishment_only,pendigits,5,TRUE,0.397435897,0.397435897,0.397435897,0.813198884
UNITY,refurbishment_only,pendigits,6,FALSE,0.185897436,0.185897436,0.185897436,0.769064641
UNITY,refurbishment_only,pendigits,6,TRUE,0.185897436,0.185897436,0.185897436,0.769064641
UNITY,refurbishment_only,pendigits,7,FALSE,0.230769231,0.230769231,0.230769231,0.912557381
UNITY,refurbishment_only,pendigits,7,TRUE,0.230769231,0.230769231,0.230769231,0.912557381
UNITY,refurbishment_only,pendigits,8,FALSE,0.5,0.5,0.5,0.967420736
UNITY,refurbishment_only,pendigits,8,TRUE,0.5,0.5,0.5,0.967420736
UNITY,refurbishment_only,pendigits,9,FALSE,0.525641026,0.525641026,0.525641026,0.92249261
UNITY,refurbishment_only,pendigits,9,TRUE,0.525641026,0.525641026,0.525641026,0.92249261
UNITY,refurbishment_only,pendigits,10,FALSE,0.192307692,0.192307692,0.192307692,0.912775066
UNITY,refurbishment_only,pendigits,10,TRUE,0.192307692,0.192307692,0.192307692,0.912775066
UNITY,refurbishment_only,thyroid,1,FALSE,0.720430108,0.720430108,0.720430108,0.955193612
UNITY,refurbishment_only,thyroid,1,TRUE,0.720430108,0.720430108,0.720430108,0.955193612
UNITY,refurbishment_only,thyroid,2,FALSE,0.677419355,0.677419355,0.677419355,0.978008746
UNITY,refurbishment_only,thyroid,2,TRUE,0.677419355,0.677419355,0.677419355,0.978008746
UNITY,refurbishment_only,thyroid,3,FALSE,0.623655914,0.623655914,0.623655914,0.948183088
UNITY,refurbishment_only,thyroid,3,TRUE,0.623655914,0.623655914,0.623655914,0.948183088
UNITY,refurbishment_only,thyroid,4,FALSE,0.698924731,0.698924731,0.698924731,0.928959225
UNITY,refurbishment_only,thyroid,4,TRUE,0.698924731,0.698924731,0.698924731,0.928959225
UNITY,refurbishment_only,thyroid,5,FALSE,0.709677419,0.709677419,0.709677419,0.933455859
UNITY,refurbishment_only,thyroid,5,TRUE,0.709677419,0.709677419,0.709677419,0.933455859
UNITY,refurbishment_only,thyroid,6,FALSE,0.516129032,0.516129032,0.516129032,0.974544225
UNITY,refurbishment_only,thyroid,6,TRUE,0.516129032,0.516129032,0.516129032,0.974544225
UNITY,refurbishment_only,thyroid,7,FALSE,0.698924731,0.698924731,0.698924731,0.98655235
UNITY,refurbishment_only,thyroid,7,TRUE,0.698924731,0.698924731,0.698924731,0.98655235
UNITY,refurbishment_only,thyroid,8,FALSE,0.580645161,0.580645161,0.580645161,0.841053057
UNITY,refurbishment_only,thyroid,8,TRUE,0.580645161,0.580645161,0.580645161,0.841053057
UNITY,refurbishment_only,thyroid,9,FALSE,0.623655914,0.623655914,0.623655914,0.921305895
UNITY,refurbishment_only,thyroid,9,TRUE,0.623655914,0.623655914,0.623655914,0.921305895
UNITY,refurbishment_only,thyroid,10,FALSE,0.752688172,0.752688172,0.752688172,0.961054325
UNITY,refurbishment_only,thyroid,10,TRUE,0.752688172,0.752688172,0.752688172,0.961054325
UNITY,refurbishment_only,wine,1,FALSE,0,0,0,0.38487395
UNITY,refurbishment_only,wine,1,TRUE,0,0,0,0.38487395
UNITY,refurbishment_only,wine,2,FALSE,0.7,0.7,0.7,0.976470588
UNITY,refurbishment_only,wine,2,TRUE,0.7,0.7,0.7,0.976470588
UNITY,refurbishment_only,wine,3,FALSE,0.1,0.1,0.1,0.61512605
UNITY,refurbishment_only,wine,3,TRUE,0.1,0.1,0.1,0.61512605
UNITY,refurbishment_only,wine,4,FALSE,0.1,0.1,0.1,0.815966387
UNITY,refurbishment_only,wine,4,TRUE,0.1,0.1,0.1,0.815966387
UNITY,refurbishment_only,wine,5,FALSE,0.2,0.2,0.2,0.731932773
UNITY,refurbishment_only,wine,5,TRUE,0.2,0.2,0.2,0.731932773
UNITY,refurbishment_only,wine,6,FALSE,0.3,0.3,0.3,0.650420168
UNITY,refurbishment_only,wine,6,TRUE,0.3,0.3,0.3,0.650420168
UNITY,refurbishment_only,wine,7,FALSE,0.4,0.4,0.4,0.847058824
UNITY,refurbishment_only,wine,7,TRUE,0.4,0.4,0.4,0.847058824
UNITY,refurbishment_only,wine,8,FALSE,0.2,0.2,0.2,0.764705882
UNITY,refurbishment_only,wine,8,TRUE,0.2,0.2,0.2,0.764705882
UNITY,refurbishment_only,wine,9,FALSE,0.5,0.5,0.5,0.937815126
UNITY,refurbishment_only,wine,9,TRUE,0.5,0.5,0.5,0.937815126
UNITY,refurbishment_only,wine,10,FALSE,0.4,0.4,0.4,0.874789916
UNITY,refurbishment_only,wine,10,TRUE,0.4,0.4,0.4,0.874789916
UNITY,refurbishment_only,WPBC,1,FALSE,0.252631579,0.25,0.255319149,0.517965337
UNITY,refurbishment_only,WPBC,1,TRUE,0.252631579,0.25,0.255319149,0.517965337
UNITY,refurbishment_only,WPBC,2,FALSE,0.378947368,0.375,0.382978723,0.584190503
UNITY,refurbishment_only,WPBC,2,TRUE,0.378947368,0.375,0.382978723,0.584190503
UNITY,refurbishment_only,WPBC,3,FALSE,0.252631579,0.25,0.255319149,0.550232493
UNITY,refurbishment_only,WPBC,3,TRUE,0.252631579,0.25,0.255319149,0.550232493
UNITY,refurbishment_only,WPBC,4,FALSE,0.231578947,0.229166667,0.234042553,0.508102015
UNITY,refurbishment_only,WPBC,4,TRUE,0.231578947,0.229166667,0.234042553,0.508102015
UNITY,refurbishment_only,WPBC,5,FALSE,0.210526316,0.208333333,0.212765957,0.512188249
UNITY,refurbishment_only,WPBC,5,TRUE,0.210526316,0.208333333,0.212765957,0.512188249
UNITY,refurbishment_only,WPBC,6,FALSE,0.273684211,0.270833333,0.276595745,0.4434268
UNITY,refurbishment_only,WPBC,6,TRUE,0.273684211,0.270833333,0.276595745,0.4434268
UNITY,refurbishment_only,WPBC,7,FALSE,0.147368421,0.145833333,0.14893617,0.442158659
UNITY,refurbishment_only,WPBC,7,TRUE,0.147368421,0.145833333,0.14893617,0.442158659
UNITY,refurbishment_only,WPBC,8,FALSE,0.252631579,0.25,0.255319149,0.446808511
UNITY,refurbishment_only,WPBC,8,TRUE,0.252631579,0.25,0.255319149,0.446808511
UNITY,refurbishment_only,WPBC,9,FALSE,0.210526316,0.208333333,0.212765957,0.503311258
UNITY,refurbishment_only,WPBC,9,TRUE,0.210526316,0.208333333,0.212765957,0.503311258
UNITY,refurbishment_only,WPBC,10,FALSE,0.252631579,0.25,0.255319149,0.442440468
UNITY,refurbishment_only,WPBC,10,TRUE,0.252631579,0.25,0.255319149,0.442440468
UNITY,UNITY,annthyroid,1,FALSE,0.784644195,0.784644195,0.784644195,0.98706623
UNITY,UNITY,annthyroid,1,TRUE,0.235955056,0.235955056,0.235955056,0.669855609
UNITY,UNITY,annthyroid,2,FALSE,0.782771536,0.782771536,0.782771536,0.988844941
UNITY,UNITY,annthyroid,2,TRUE,0.316479401,0.316479401,0.316479401,0.70046762
UNITY,UNITY,annthyroid,3,FALSE,0.782771536,0.782771536,0.782771536,0.988796174
UNITY,UNITY,annthyroid,3,TRUE,0.404494382,0.404494382,0.404494382,0.842286985
UNITY,UNITY,annthyroid,4,FALSE,0.77340824,0.77340824,0.77340824,0.98627233
UNITY,UNITY,annthyroid,4,TRUE,0.241573034,0.241573034,0.241573034,0.750185172
UNITY,UNITY,annthyroid,5,FALSE,0.779026217,0.779026217,0.779026217,0.987578716
UNITY,UNITY,annthyroid,5,TRUE,0.282771536,0.282771536,0.282771536,0.67811605
UNITY,UNITY,annthyroid,6,FALSE,0.786516854,0.786516854,0.786516854,0.987847939
UNITY,UNITY,annthyroid,6,TRUE,0.25093633,0.25093633,0.25093633,0.679915128
UNITY,UNITY,annthyroid,7,FALSE,0.765917603,0.765917603,0.765917603,0.984597321
UNITY,UNITY,annthyroid,7,TRUE,0.235955056,0.235955056,0.235955056,0.7652122
UNITY,UNITY,annthyroid,8,FALSE,0.775280899,0.775280899,0.775280899,0.985637926
UNITY,UNITY,annthyroid,8,TRUE,0.294007491,0.294007491,0.294007491,0.728175546
UNITY,UNITY,annthyroid,9,FALSE,0.782771536,0.782771536,0.782771536,0.987696044
UNITY,UNITY,annthyroid,9,TRUE,0.265917603,0.265917603,0.265917603,0.759505725
UNITY,UNITY,annthyroid,10,FALSE,0.77340824,0.77340824,0.77340824,0.983836123
UNITY,UNITY,annthyroid,10,TRUE,0.264044944,0.264044944,0.264044944,0.749411925
UNITY,UNITY,cardio,1,FALSE,0.097142857,0.097142857,0.097142857,0.211098968
UNITY,UNITY,cardio,1,TRUE,0.605714286,0.605714286,0.605714286,0.747202706
UNITY,UNITY,cardio,2,FALSE,0.097142857,0.097142857,0.097142857,0.212452077
UNITY,UNITY,cardio,2,TRUE,0.474285714,0.474285714,0.474285714,0.884614451
UNITY,UNITY,cardio,3,FALSE,0.097142857,0.097142857,0.097142857,0.296612022
UNITY,UNITY,cardio,3,TRUE,0.565714286,0.565714286,0.565714286,0.803424408
UNITY,UNITY,cardio,4,FALSE,0.097142857,0.097142857,0.097142857,0.290502212
UNITY,UNITY,cardio,4,TRUE,0.754285714,0.754285714,0.754285714,0.93882904
UNITY,UNITY,cardio,5,FALSE,0.097142857,0.097142857,0.097142857,0.288795212
UNITY,UNITY,cardio,5,TRUE,0.577142857,0.577142857,0.577142857,0.73754879
UNITY,UNITY,cardio,6,FALSE,0.085714286,0.085714286,0.085714286,0.203840749
UNITY,UNITY,cardio,6,TRUE,0.542857143,0.542857143,0.542857143,0.867801197
UNITY,UNITY,cardio,7,FALSE,0.097142857,0.097142857,0.097142857,0.189563709
UNITY,UNITY,cardio,7,TRUE,0.588571429,0.588571429,0.588571429,0.848059676
UNITY,UNITY,cardio,8,FALSE,0.097142857,0.097142857,0.097142857,0.287598231
UNITY,UNITY,cardio,8,TRUE,0.485714286,0.485714286,0.485714286,0.841046058
UNITY,UNITY,cardio,9,FALSE,0.097142857,0.097142857,0.097142857,0.22238182
UNITY,UNITY,cardio,9,TRUE,0.537142857,0.537142857,0.537142857,0.783630844
UNITY,UNITY,cardio,10,FALSE,0.097142857,0.097142857,0.097142857,0.411529187
UNITY,UNITY,cardio,10,TRUE,0.554285714,0.554285714,0.554285714,0.765247636
UNITY,UNITY,landsat,1,FALSE,0.326331583,0.326331583,0.326331583,0.63917295
UNITY,UNITY,landsat,1,TRUE,0.379594899,0.379594899,0.379594899,0.544238642
UNITY,UNITY,landsat,2,FALSE,0.176294074,0.176294074,0.176294074,0.539366908
UNITY,UNITY,landsat,2,TRUE,0.393098275,0.393098275,0.393098275,0.560649619
UNITY,UNITY,landsat,3,FALSE,0.299324831,0.299324831,0.299324831,0.647004043
UNITY,UNITY,landsat,3,TRUE,0.357089272,0.357089272,0.357089272,0.58649411
UNITY,UNITY,landsat,4,FALSE,0.259564891,0.259564891,0.259564891,0.62694476
UNITY,UNITY,landsat,4,TRUE,0.382595649,0.382595649,0.382595649,0.589049482
UNITY,UNITY,landsat,5,FALSE,0.030757689,0.030757689,0.030757689,0.356380182
UNITY,UNITY,landsat,5,TRUE,0.375843961,0.375843961,0.375843961,0.56425249
UNITY,UNITY,landsat,6,FALSE,0.27531883,0.27531883,0.27531883,0.603395753
UNITY,UNITY,landsat,6,TRUE,0.386346587,0.386346587,0.386346587,0.561499866
UNITY,UNITY,landsat,7,FALSE,0.338334584,0.338334584,0.338334584,0.693599483
UNITY,UNITY,landsat,7,TRUE,0.419354839,0.419354839,0.419354839,0.535935116
UNITY,UNITY,landsat,8,FALSE,0.029257314,0.029257314,0.029257314,0.451068495
UNITY,UNITY,landsat,8,TRUE,0.384096024,0.384096024,0.384096024,0.593973341
UNITY,UNITY,landsat,9,FALSE,0.175543886,0.175543886,0.175543886,0.602153282
UNITY,UNITY,landsat,9,TRUE,0.343585896,0.343585896,0.343585896,0.542915448
UNITY,UNITY,landsat,10,FALSE,0.210802701,0.210802701,0.210802701,0.620629481
UNITY,UNITY,landsat,10,TRUE,0.382595649,0.382595649,0.382595649,0.598077979
UNITY,UNITY,mammography,1,FALSE,0,0,0,0.1847091
UNITY,UNITY,mammography,1,TRUE,0.067193676,0.067193676,0.067193676,0.716180293
UNITY,UNITY,mammography,2,FALSE,0.011857708,0.011857708,0.011857708,0.260914321
UNITY,UNITY,mammography,2,TRUE,0,0,0,0.653252218
UNITY,UNITY,mammography,3,FALSE,0.015810277,0.015810277,0.015810277,0.208191368
UNITY,UNITY,mammography,3,TRUE,0.422924901,0.422924901,0.422924901,0.791288735
UNITY,UNITY,mammography,4,FALSE,0.039525692,0.039525692,0.039525692,0.207093287
UNITY,UNITY,mammography,4,TRUE,0.296442688,0.296442688,0.296442688,0.805947329
UNITY,UNITY,mammography,5,FALSE,0.075098814,0.075098814,0.075098814,0.321070394
UNITY,UNITY,mammography,5,TRUE,0.197628458,0.197628458,0.197628458,0.783248809
UNITY,UNITY,mammography,6,FALSE,0.023715415,0.023715415,0.023715415,0.232275759
UNITY,UNITY,mammography,6,TRUE,0.007905138,0.007905138,0.007905138,0.665707624
UNITY,UNITY,mammography,7,FALSE,0.09486166,0.09486166,0.09486166,0.404973107
UNITY,UNITY,mammography,7,TRUE,0.288537549,0.288537549,0.288537549,0.776146935
UNITY,UNITY,mammography,8,FALSE,0,0,0,0.143641412
UNITY,UNITY,mammography,8,TRUE,0.177865613,0.177865613,0.177865613,0.700027582
UNITY,UNITY,mammography,9,FALSE,0,0,0,0.153976899
UNITY,UNITY,mammography,9,TRUE,0.201581028,0.201581028,0.201581028,0.665207243
UNITY,UNITY,mammography,10,FALSE,0.003952569,0.003952569,0.003952569,0.180035232
UNITY,UNITY,mammography,10,TRUE,0.059288538,0.059288538,0.059288538,0.743629442
UNITY,UNITY,mnist,1,FALSE,0,0,0,0.192029656
UNITY,UNITY,mnist,1,TRUE,0.475374732,0.475035663,0.475714286,0.727651642
UNITY,UNITY,mnist,2,FALSE,0.001427552,0.001426534,0.001428571,0.288792968
UNITY,UNITY,mnist,2,TRUE,0.471092077,0.470756063,0.471428571,0.783809317
UNITY,UNITY,mnist,3,FALSE,0.291220557,0.291012839,0.291428571,0.567260094
UNITY,UNITY,mnist,3,TRUE,0.401142041,0.40085592,0.401428571,0.630098715
UNITY,UNITY,mnist,4,FALSE,0.004282655,0.004279601,0.004285714,0.261092382
UNITY,UNITY,mnist,4,TRUE,0.042826552,0.042796006,0.042857143,0.420382235
UNITY,UNITY,mnist,5,FALSE,0.001427552,0.001426534,0.001428571,0.460878293
UNITY,UNITY,mnist,5,TRUE,0.021413276,0.021398003,0.021428571,0.569526914
UNITY,UNITY,mnist,6,FALSE,0.001427552,0.001426534,0.001428571,0.301173299
UNITY,UNITY,mnist,6,TRUE,0.502498216,0.5021398,0.502857143,0.774861551
UNITY,UNITY,mnist,7,FALSE,0.004282655,0.004279601,0.004285714,0.28541007
UNITY,UNITY,mnist,7,TRUE,0.466809422,0.466476462,0.467142857,0.773280147
UNITY,UNITY,mnist,8,FALSE,0.004282655,0.004279601,0.004285714,0.215891227
UNITY,UNITY,mnist,8,TRUE,0.041399001,0.041369472,0.041428571,0.469085077
UNITY,UNITY,mnist,9,FALSE,0.001427552,0.001426534,0.001428571,0.233859606
UNITY,UNITY,mnist,9,TRUE,0.049964311,0.049928673,0.05,0.517956996
UNITY,UNITY,mnist,10,FALSE,0.001427552,0.001426534,0.001428571,0.279615488
UNITY,UNITY,mnist,10,TRUE,0.431120628,0.430813124,0.431428571,0.675085056
UNITY,UNITY,pageblocks,1,FALSE,0.544564153,0.544031311,0.545098039,0.857897949
UNITY,UNITY,pageblocks,1,TRUE,0.327130264,0.326810176,0.32745098,0.755818506
UNITY,UNITY,pageblocks,2,FALSE,0.53281097,0.532289628,0.533333333,0.841286095
UNITY,UNITY,pageblocks,2,TRUE,0.374142997,0.373776908,0.374509804,0.823357748
UNITY,UNITY,pageblocks,3,FALSE,0.638589618,0.637964775,0.639215686,0.887463107
UNITY,UNITY,pageblocks,3,TRUE,0.391772772,0.391389432,0.392156863,0.752692213
UNITY,UNITY,pageblocks,4,FALSE,0.49755142,0.497064579,0.498039216,0.775646802
UNITY,UNITY,pageblocks,4,TRUE,0.399608227,0.399217221,0.4,0.798228146
UNITY,UNITY,pageblocks,5,FALSE,0.632713026,0.632093933,0.633333333,0.895991495
UNITY,UNITY,pageblocks,5,TRUE,0.372184133,0.371819961,0.37254902,0.86761112
UNITY,UNITY,pageblocks,6,FALSE,0.52301665,0.522504892,0.523529412,0.789792919
UNITY,UNITY,pageblocks,6,TRUE,0.364348678,0.363992172,0.364705882,0.751692948
UNITY,UNITY,pageblocks,7,FALSE,0.452497551,0.452054795,0.452941176,0.745674067
UNITY,UNITY,pageblocks,7,TRUE,0.30950049,0.309197652,0.309803922,0.770599479
UNITY,UNITY,pageblocks,8,FALSE,0.491674829,0.491193738,0.492156863,0.793118382
UNITY,UNITY,pageblocks,8,TRUE,0.389813908,0.389432485,0.390196078,0.766892139
UNITY,UNITY,pageblocks,9,FALSE,0.552399608,0.5518591,0.552941176,0.777645131
UNITY,UNITY,pageblocks,9,TRUE,0.362389814,0.362035225,0.362745098,0.749973899
UNITY,UNITY,pageblocks,10,FALSE,0.611165524,0.610567515,0.611764706,0.912757948
UNITY,UNITY,pageblocks,10,TRUE,0.387855044,0.387475538,0.388235294,0.812312625
UNITY,UNITY,pendigits,1,FALSE,0,0,0,0.109180587
UNITY,UNITY,pendigits,1,TRUE,0.512820513,0.512820513,0.512820513,0.783834773
UNITY,UNITY,pendigits,2,FALSE,0.006410256,0.006410256,0.006410256,0.837192472
UNITY,UNITY,pendigits,2,TRUE,0.378205128,0.378205128,0.378205128,0.93453022
UNITY,UNITY,pendigits,3,FALSE,0,0,0,0.195221619
UNITY,UNITY,pendigits,3,TRUE,0.525641026,0.525641026,0.525641026,0.885404016
UNITY,UNITY,pendigits,4,FALSE,0,0,0,0.344305909
UNITY,UNITY,pendigits,4,TRUE,0.532051282,0.532051282,0.532051282,0.874893067
UNITY,UNITY,pendigits,5,FALSE,0,0,0,0.151543274
UNITY,UNITY,pendigits,5,TRUE,0.294871795,0.294871795,0.294871795,0.826400823
UNITY,UNITY,pendigits,6,FALSE,0,0,0,0.0387747
UNITY,UNITY,pendigits,6,TRUE,0.352564103,0.352564103,0.352564103,0.6526317
UNITY,UNITY,pendigits,7,FALSE,0,0,0,0.084830396
UNITY,UNITY,pendigits,7,TRUE,0.358974359,0.358974359,0.358974359,0.733642103
UNITY,UNITY,pendigits,8,FALSE,0,0,0,0.030194274
UNITY,UNITY,pendigits,8,TRUE,0.487179487,0.487179487,0.487179487,0.906090794
UNITY,UNITY,pendigits,9,FALSE,0,0,0,0.031030644
UNITY,UNITY,pendigits,9,TRUE,0.679487179,0.679487179,0.679487179,0.930070538
UNITY,UNITY,pendigits,10,FALSE,0,0,0,0.118967828
UNITY,UNITY,pendigits,10,TRUE,0.480769231,0.480769231,0.480769231,0.763291209
UNITY,UNITY,thyroid,1,FALSE,0.709677419,0.709677419,0.709677419,0.987008049
UNITY,UNITY,thyroid,1,TRUE,0.591397849,0.591397849,0.591397849,0.946124898
UNITY,UNITY,thyroid,2,FALSE,0.709677419,0.709677419,0.709677419,0.980323456
UNITY,UNITY,thyroid,2,TRUE,0.709677419,0.709677419,0.709677419,0.947057421
UNITY,UNITY,thyroid,3,FALSE,0.709677419,0.709677419,0.709677419,0.973478916
UNITY,UNITY,thyroid,3,TRUE,0.709677419,0.709677419,0.709677419,0.912701934
UNITY,UNITY,thyroid,4,FALSE,0.709677419,0.709677419,0.709677419,0.96796224
UNITY,UNITY,thyroid,4,TRUE,0.720430108,0.720430108,0.720430108,0.958286934
UNITY,UNITY,thyroid,5,FALSE,0.720430108,0.720430108,0.720430108,0.990104388
UNITY,UNITY,thyroid,5,TRUE,0.709677419,0.709677419,0.709677419,0.961036218
UNITY,UNITY,thyroid,6,FALSE,0.720430108,0.720430108,0.720430108,0.989422349
UNITY,UNITY,thyroid,6,TRUE,0.752688172,0.752688172,0.752688172,0.983516367
UNITY,UNITY,thyroid,7,FALSE,0.709677419,0.709677419,0.709677419,0.981007004
UNITY,UNITY,thyroid,7,TRUE,0.838709677,0.838709677,0.838709677,0.986799815
UNITY,UNITY,thyroid,8,FALSE,0.698924731,0.698924731,0.698924731,0.961823883
UNITY,UNITY,thyroid,8,TRUE,0.806451613,0.806451613,0.806451613,0.965644512
UNITY,UNITY,thyroid,9,FALSE,0.709677419,0.709677419,0.709677419,0.98500418
UNITY,UNITY,thyroid,9,TRUE,0.795698925,0.795698925,0.795698925,0.991957363
UNITY,UNITY,thyroid,10,FALSE,0.698924731,0.698924731,0.698924731,0.979104234
UNITY,UNITY,thyroid,10,TRUE,0.741935484,0.741935484,0.741935484,0.983664243
UNITY,UNITY,wine,1,FALSE,0,0,0,0.250420168
UNITY,UNITY,wine,1,TRUE,0,0,0,0.376470588
UNITY,UNITY,wine,2,FALSE,1,1,1,1
UNITY,UNITY,wine,2,TRUE,0.9,0.9,0.9,0.995798319
UNITY,UNITY,wine,3,FALSE,0,0,0,0.123529412
UNITY,UNITY,wine,3,TRUE,0.1,0.1,0.1,0.486554622
UNITY,UNITY,wine,4,FALSE,0.8,0.8,0.8,0.991596639
UNITY,UNITY,wine,4,TRUE,0.3,0.3,0.3,0.798319328
UNITY,UNITY,wine,5,FALSE,0,0,0,0.562184874
UNITY,UNITY,wine,5,TRUE,0,0,0,0.370588235
UNITY,UNITY,wine,6,FALSE,0,0,0,0.485714286
UNITY,UNITY,wine,6,TRUE,0.5,0.5,0.5,0.947058824
UNITY,UNITY,wine,7,FALSE,0.7,0.7,0.7,0.984033613
UNITY,UNITY,wine,7,TRUE,0.7,0.7,0.7,0.970588235
UNITY,UNITY,wine,8,FALSE,0,0,0,0.506722689
UNITY,UNITY,wine,8,TRUE,0,0,0,0.797478992
UNITY,UNITY,wine,9,FALSE,0,0,0,0.099159664
UNITY,UNITY,wine,9,TRUE,0.6,0.6,0.6,0.967226891
UNITY,UNITY,wine,10,FALSE,0,0,0,0.390756303
UNITY,UNITY,wine,10,TRUE,0,0,0,0.498319328
UNITY,UNITY,WPBC,1,FALSE,0.378947368,0.375,0.382978723,0.577004368
UNITY,UNITY,WPBC,1,TRUE,0.273684211,0.270833333,0.276595745,0.526842328
UNITY,UNITY,WPBC,2,FALSE,0.189473684,0.1875,0.191489362,0.468366916
UNITY,UNITY,WPBC,2,TRUE,0.147368421,0.145833333,0.14893617,0.438495139
UNITY,UNITY,WPBC,3,FALSE,0.357894737,0.354166667,0.361702128,0.613639566
UNITY,UNITY,WPBC,3,TRUE,0.252631579,0.25,0.255319149,0.571931802
UNITY,UNITY,WPBC,4,FALSE,0.315789474,0.3125,0.319148936,0.574045371
UNITY,UNITY,WPBC,4,TRUE,0.231578947,0.229166667,0.234042553,0.533535297
UNITY,UNITY,WPBC,5,FALSE,0.273684211,0.270833333,0.276595745,0.532196703
UNITY,UNITY,WPBC,5,TRUE,0.273684211,0.270833333,0.276595745,0.472312245
UNITY,UNITY,WPBC,6,FALSE,0.336842105,0.333333333,0.340425532,0.600535438
UNITY,UNITY,WPBC,6,TRUE,0.147368421,0.145833333,0.14893617,0.526137805
UNITY,UNITY,WPBC,7,FALSE,0.189473684,0.1875,0.191489362,0.507820206
UNITY,UNITY,WPBC,7,TRUE,0.231578947,0.229166667,0.234042553,0.473580386
UNITY,UNITY,WPBC,8,FALSE,0.294736842,0.291666667,0.29787234,0.547837114
UNITY,UNITY,WPBC,8,TRUE,0.252631579,0.25,0.255319149,0.500493166
UNITY,UNITY,WPBC,9,FALSE,0.189473684,0.1875,0.191489362,0.412145977
UNITY,UNITY,WPBC,9,TRUE,0.147368421,0.145833333,0.14893617,0.485839087
UNITY,UNITY,WPBC,10,FALSE,0.315789474,0.3125,0.319148936,0.57094547
UNITY,UNITY,WPBC,10,TRUE,0.315789474,0.3125,0.319148936,0.540932789
