Dataset,seed,batch_norm,overall_f1,threshold
annthyroid,1,False,0.7808988764044944,gt
annthyroid,2,False,0.7827715355805244,gt
annthyroid,3,False,0.7715355805243445,gt
annthyroid,4,False,0.7696629213483146,gt
annthyroid,5,False,0.7865168539325842,gt
annthyroid,6,False,0.7883895131086144,gt
annthyroid,7,False,0.7752808988764045,gt
annthyroid,8,False,0.7808988764044944,gt
annthyroid,9,False,0.7827715355805244,gt
annthyroid,10,False,0.7883895131086144,gt
annthyroid,1,False,0.784644195,adaptive
annthyroid,2,False,0.782771536,adaptive
annthyroid,3,False,0.782771536,adaptive
annthyroid,4,False,0.77340824,adaptive
annthyroid,5,False,0.779026217,adaptive
annthyroid,6,False,0.786516854,adaptive
annthyroid,7,False,0.765917603,adaptive
annthyroid,8,False,0.775280899,adaptive
annthyroid,9,False,0.782771536,adaptive
annthyroid,10,False,0.77340824,adaptive
cardio,1,True,0.6171428571428571,gt
cardio,2,True,0.5714285714285714,gt
cardio,3,True,0.56,gt
cardio,4,True,0.6285714285714286,gt
cardio,5,True,0.5771428571428572,gt
cardio,6,True,0.5657142857142857,gt
cardio,7,True,0.6114285714285714,gt
cardio,8,True,0.6114285714285714,gt
cardio,9,True,0.5485714285714286,gt
cardio,10,True,0.5485714285714286,gt
cardio,1,True,0.605714286,adaptive
cardio,2,True,0.474285714,adaptive
cardio,3,True,0.565714286,adaptive
cardio,4,True,0.754285714,adaptive
cardio,5,True,0.577142857,adaptive
cardio,6,True,0.542857143,adaptive
cardio,7,True,0.588571429,adaptive
cardio,8,True,0.485714286,adaptive
cardio,9,True,0.537142857,adaptive
cardio,10,True,0.554285714,adaptive
landsat,1,True,0.3720930232558139,gt
landsat,2,True,0.3653413353338334,gt
landsat,3,True,0.3465866466616654,gt
landsat,4,True,0.3780945236309077,gt
landsat,5,True,0.3435858964741185,gt
landsat,6,True,0.3638409602400601,gt
landsat,7,True,0.3810952738184546,gt
landsat,8,True,0.3585896474118529,gt
landsat,9,True,0.3413353338334584,gt
landsat,10,True,0.3705926481620405,gt
landsat,1,True,0.379594899,adaptive
landsat,2,True,0.393098275,adaptive
landsat,3,True,0.357089272,adaptive
landsat,4,True,0.382595649,adaptive
landsat,5,True,0.375843961,adaptive
landsat,6,True,0.386346587,adaptive
landsat,7,True,0.419354839,adaptive
landsat,8,True,0.384096024,adaptive
landsat,9,True,0.343585896,adaptive
landsat,10,True,0.382595649,adaptive
mammography,1,True,0.0276679841897233,gt
mammography,2,True,0.0,gt
mammography,3,True,0.4743083003952569,gt
mammography,4,True,0.0,gt
mammography,5,True,0.0711462450592885,gt
mammography,6,True,0.0039525691699604,gt
mammography,7,True,0.0909090909090909,gt
mammography,8,True,0.0,gt
mammography,9,True,0.4505928853754941,gt
mammography,10,True,0.0355731225296442,gt
mammography,1,True,0.067193676,adaptive
mammography,2,True,0.0,adaptive
mammography,3,True,0.422924901,adaptive
mammography,4,True,0.296442688,adaptive
mammography,5,True,0.197628458,adaptive
mammography,6,True,0.007905138,adaptive
mammography,7,True,0.288537549,adaptive
mammography,8,True,0.177865613,adaptive
mammography,9,True,0.201581028,adaptive
mammography,10,True,0.059288538,adaptive
mnist,1,True,0.4796573875802997,gt
mnist,2,True,0.4525339043540328,gt
mnist,3,True,0.4710920770877944,gt
mnist,4,True,0.0371163454675232,gt
mnist,5,True,0.3683083511777301,gt
mnist,6,True,0.4610992148465382,gt
mnist,7,True,0.4810849393290506,gt
mnist,8,True,0.0299785867237687,gt
mnist,9,True,0.4311206281227694,gt
mnist,10,True,0.0571020699500356,gt
mnist,1,True,0.475374732,adaptive
mnist,2,True,0.471092077,adaptive
mnist,3,True,0.401142041,adaptive
mnist,4,True,0.042826552,adaptive
mnist,5,True,0.021413276,adaptive
mnist,6,True,0.502498216,adaptive
mnist,7,True,0.466809422,adaptive
mnist,8,True,0.041399001,adaptive
mnist,9,True,0.049964311,adaptive
mnist,10,True,0.431120628,adaptive
pageblocks,1,False,0.5132223310479921,gt
pageblocks,2,False,0.5406464250734574,gt
pageblocks,3,False,0.5523996082272281,gt
pageblocks,4,False,0.5602350636630754,gt
pageblocks,5,False,0.5445641527913809,gt
pageblocks,6,False,0.5582761998041137,gt
pageblocks,7,False,0.5406464250734574,gt
pageblocks,8,False,0.5053868756121449,gt
pageblocks,9,False,0.5269343780607247,gt
pageblocks,10,False,0.5426052889324191,gt
pageblocks,1,False,0.544564153,adaptive
pageblocks,2,False,0.53281097,adaptive
pageblocks,3,False,0.638589618,adaptive
pageblocks,4,False,0.49755142,adaptive
pageblocks,5,False,0.632713026,adaptive
pageblocks,6,False,0.52301665,adaptive
pageblocks,7,False,0.452497551,adaptive
pageblocks,8,False,0.491674829,adaptive
pageblocks,9,False,0.552399608,adaptive
pageblocks,10,False,0.611165524,adaptive
pendigits,1,True,0.532051282051282,gt
pendigits,2,True,0.2756410256410256,gt
pendigits,3,True,0.5512820512820513,gt
pendigits,4,True,0.5,gt
pendigits,5,True,0.0,gt
pendigits,6,True,0.4487179487179487,gt
pendigits,7,True,0.4935897435897436,gt
pendigits,8,True,0.3974358974358974,gt
pendigits,9,True,0.5576923076923077,gt
pendigits,10,True,0.6923076923076923,gt
pendigits,1,True,0.512820513,adaptive
pendigits,2,True,0.378205128,adaptive
pendigits,3,True,0.525641026,adaptive
pendigits,4,True,0.532051282,adaptive
pendigits,5,True,0.294871795,adaptive
pendigits,6,True,0.352564103,adaptive
pendigits,7,True,0.358974359,adaptive
pendigits,8,True,0.487179487,adaptive
pendigits,9,True,0.679487179,adaptive
pendigits,10,True,0.480769231,adaptive
thyroid,1,True,0.7741935483870968,gt
thyroid,2,True,0.8064516129032258,gt
thyroid,3,True,0.6989247311827957,gt
thyroid,4,True,0.6559139784946236,gt
thyroid,5,True,0.7096774193548389,gt
thyroid,6,True,0.7419354838709677,gt
thyroid,7,True,0.7204301075268817,gt
thyroid,8,True,0.7311827956989246,gt
thyroid,9,True,0.7204301075268817,gt
thyroid,10,True,0.6881720430107527,gt
thyroid,1,True,0.591397849,adaptive
thyroid,2,True,0.709677419,adaptive
thyroid,3,True,0.709677419,adaptive
thyroid,4,True,0.720430108,adaptive
thyroid,5,True,0.709677419,adaptive
thyroid,6,True,0.752688172,adaptive
thyroid,7,True,0.838709677,adaptive
thyroid,8,True,0.806451613,adaptive
thyroid,9,True,0.795698925,adaptive
thyroid,10,True,0.741935484,adaptive
wine,1,False,0.0,gt
wine,2,False,0.0,gt
wine,3,False,0.0,gt
wine,4,False,0.0,gt
wine,5,False,0.0,gt
wine,6,False,0.0,gt
wine,7,False,0.4000000000000001,gt
wine,8,False,0.0,gt
wine,9,False,0.0,gt
wine,10,False,0.0,gt
wine,1,False,0.0,adaptive
wine,2,False,1.0,adaptive
wine,3,False,0.0,adaptive
wine,4,False,0.8,adaptive
wine,5,False,0.0,adaptive
wine,6,False,0.0,adaptive
wine,7,False,0.7,adaptive
wine,8,False,0.0,adaptive
wine,9,False,0.0,adaptive
wine,10,False,0.0,adaptive
WPBC,1,False,0.1684210526315789,gt
WPBC,2,False,0.1473684210526315,gt
WPBC,3,False,0.2526315789473684,gt
WPBC,4,False,0.1263157894736842,gt
WPBC,5,False,0.3157894736842105,gt
WPBC,6,False,0.3368421052631579,gt
WPBC,7,False,0.1894736842105263,gt
WPBC,8,False,0.3368421052631579,gt
WPBC,9,False,0.1263157894736842,gt
WPBC,10,False,0.1473684210526315,gt
WPBC,1,False,0.378947368,adaptive
WPBC,2,False,0.189473684,adaptive
WPBC,3,False,0.357894737,adaptive
WPBC,4,False,0.315789474,adaptive
WPBC,5,False,0.273684211,adaptive
WPBC,6,False,0.336842105,adaptive
WPBC,7,False,0.189473684,adaptive
WPBC,8,False,0.294736842,adaptive
WPBC,9,False,0.189473684,adaptive
WPBC,10,False,0.315789474,adaptive
